bank_link|pr_id|pr_link
https://www.fdic.gov/resources/resolutions/bank-failures/failed-bank-list/sinclair.html|PR-063-2001|https://www.fdic.gov/news/press-releases/2001/pr6301.html
https://www.fdic.gov/resources/resolutions/bank-failures/failed-bank-list/superior.html|PR-052-2001|https://www.fdic.gov/news/press-releases/2001/pr5201.html
https://www.fdic.gov/resources/resolutions/bank-failures/failed-bank-list/malta.html|PR-032-2001|https://www.fdic.gov/news/press-releases/2001/pr3201.html
https://www.fdic.gov/resources/resolutions/bank-failures/failed-bank-list/firstalliance.html|PR-011-2001|https://www.fdic.gov/news/press-releases/2001/pr1101.html
https://www.fdic.gov/resources/resolutions/bank-failures/failed-bank-list/farmers.html|PR-131-2002|https://www.fdic.gov/news/press-releases/2002/pr13102.html
https://www.fdic.gov/resources/resolutions/bank-failures/failed-bank-list/bankofalamo.html|PR-120-2002|https://www.fdic.gov/news/press-releases/2002/pr12002.html
https://www.fdic.gov/resources/resolutions/bank-failures/failed-bank-list/amtrade.html|PR-100-2002|https://www.fdic.gov/news/press-releases/2002/pr10002.html
https://www.fdic.gov/resources/resolutions/bank-failures/failed-bank-list/universal.html|PR-081-2002|https://www.fdic.gov/news/press-releases/2002/pr8102.html
https://www.fdic.gov/resources/resolutions/bank-failures/failed-bank-list/universal.html|PR-076-2002|https://www.fdic.gov/news/press-releases/2002/pr7602.html
https://www.fdic.gov/resources/resolutions/bank-failures/failed-bank-list/cbc.html|PR-080-2002|https://www.fdic.gov/news/press-releases/2002/pr8002.html
https://www.fdic.gov/resources/resolutions/bank-failures/failed-bank-list/cbc.html|PR-074-2002|https://www.fdic.gov/news/press-releases/2002/pr7402.html
https://www.fdic.gov/resources/resolutions/bank-failures/failed-bank-list/newcentury.html|PR-38-2002|https://www.fdic.gov/news/press-releases/2002/pr3802.html
https://www.fdic.gov/resources/resolutions/bank-failures/failed-bank-list/netfirst.html|PR-26-2002|https://www.fdic.gov/news/press-releases/2002/pr2602.html
https://www.fdic.gov/resources/resolutions/bank-failures/failed-bank-list/nextbank.html|PR-16-2002|https://www.fdic.gov/news/press-releases/2002/pr1602.html
https://www.fdic.gov/resources/resolutions/bank-failures/failed-bank-list/oakwood.html|PR-11-2002|https://www.fdic.gov/news/press-releases/2002/pr1102.html
https://www.fdic.gov/resources/resolutions/bank-failures/failed-bank-list/oakwood.html|PR-10-2002|https://www.fdic.gov/news/press-releases/2002/pr1002.html
https://www.fdic.gov/resources/resolutions/bank-failures/failed-bank-list/sierrablanca.html|PR-5-2002|https://www.fdic.gov/news/press-releases/2002/pr0502.html
https://www.fdic.gov/resources/resolutions/bank-failures/failed-bank-list/hamilton.html|PR-3-2002|https://www.fdic.gov/news/press-releases/2002/pr0302.html
https://www.fdic.gov/resources/resolutions/bank-failures/failed-bank-list/pulaski.html|PR-107-2003|https://www.fdic.gov/news/press-releases/2003/pr10703.html
https://www.fdic.gov/resources/resolutions/bank-failures/failed-bank-list/blanchardville.html|PR-47-2003|https://www.fdic.gov/news/press-releases/2003/pr4703.html
https://www.fdic.gov/resources/resolutions/bank-failures/failed-bank-list/blanchardville.html|PR-48-2003|https://www.fdic.gov/news/press-releases/2003/pr4803.html
https://www.fdic.gov/resources/resolutions/bank-failures/failed-bank-list/spbank.html|PR-11-2003|https://www.fdic.gov/news/press-releases/2003/pr1103.html
https://www.fdic.gov/resources/resolutions/bank-failures/failed-bank-list/ephraim.html|PR-69-2004|https://www.fdic.gov/news/press-releases/2004/pr6904.html
https://www.fdic.gov/resources/resolutions/bank-failures/failed-bank-list/reliance.html|PR-24-2004|https://www.fdic.gov/news/press-releases/2004/pr2404.html
https://www.fdic.gov/resources/resolutions/bank-failures/failed-bank-list/gnb.html|PR-21-2004|https://www.fdic.gov/news/press-releases/2004/pr2104.html
https://www.fdic.gov/resources/resolutions/bank-failures/failed-bank-list/gnb.html|PR-23-2004|https://www.fdic.gov/news/press-releases/2004/pr2304.html
https://www.fdic.gov/resources/resolutions/bank-failures/failed-bank-list/dollar.html|PR-13-2004|https://www.fdic.gov/news/press-releases/2004/pr1304.html
https://www.fdic.gov/resources/resolutions/bank-failures/failed-bank-list/miamivalley.html|PR-83-2007|https://www.fdic.gov/news/press-releases/2007/pr07083.html
https://www.fdic.gov/resources/resolutions/bank-failures/failed-bank-list/netbank.html|PR-81-2007|https://www.fdic.gov/news/press-releases/2007/pr07081.html
https://www.fdic.gov/resources/resolutions/bank-failures/failed-bank-list/metropolitansb.html|PR-9-2007|https://www.fdic.gov/news/press-releases/2007/pr07009.html
https://www.fdic.gov/resources/resolutions/bank-failures/failed-bank-list/sanderson.html|PR-135-2008|https://www.fdic.gov/news/press-releases/2008/pr08135.html
https://www.fdic.gov/resources/resolutions/bank-failures/failed-bank-list/haventrust.html|PR-134-2008|https://www.fdic.gov/news/press-releases/2008/pr08134.html
https://www.fdic.gov/resources/resolutions/bank-failures/failed-bank-list/firstga.html|PR-132-2008|https://www.fdic.gov/news/press-releases/2008/pr08132.html
https://www.fdic.gov/resources/resolutions/bank-failures/failed-bank-list/pff.html|PR-124-2008|https://www.fdic.gov/news/press-releases/2008/pr08124.html
https://www.fdic.gov/resources/resolutions/bank-failures/failed-bank-list/downey.html|PR-124-2008|https://www.fdic.gov/news/press-releases/2008/pr08124.html
https://www.fdic.gov/resources/resolutions/bank-failures/failed-bank-list/community.html|PR-123-2008|https://www.fdic.gov/news/press-releases/2008/pr08123.html
https://www.fdic.gov/resources/resolutions/bank-failures/failed-bank-list/securitypacific.html|PR-114-2008|https://www.fdic.gov/news/press-releases/2008/pr08114.html
https://www.fdic.gov/resources/resolutions/bank-failures/failed-bank-list/franklinbank.html|PR-113-2008|https://www.fdic.gov/news/press-releases/2008/pr08113.html
https://www.fdic.gov/resources/resolutions/bank-failures/failed-bank-list/freedom.html|PR-109-2008|https://www.fdic.gov/news/press-releases/2008/pr08109.html
https://www.fdic.gov/resources/resolutions/bank-failures/failed-bank-list/alpha.html|PR-106-2008|https://www.fdic.gov/news/press-releases/2008/pr08106.html
https://www.fdic.gov/resources/resolutions/bank-failures/failed-bank-list/meridian.html|PR-99-2008|https://www.fdic.gov/news/press-releases/2008/pr08099.html
https://www.fdic.gov/resources/resolutions/bank-failures/failed-bank-list/mainstreet.html|PR-98-2008|https://www.fdic.gov/news/press-releases/2008/pr08098.html
https://www.fdic.gov/resources/resolutions/bank-failures/failed-bank-list/wamu.html|PR-85-2008|https://www.fdic.gov/news/press-releases/2008/pr08085.html
https://www.fdic.gov/resources/resolutions/bank-failures/failed-bank-list/ameribank.html|PR-82-2008|https://www.fdic.gov/news/press-releases/2008/pr08082.html
https://www.fdic.gov/resources/resolutions/bank-failures/failed-bank-list/silverstate.html|PR-77-2008|https://www.fdic.gov/news/press-releases/2008/pr08077.html
https://www.fdic.gov/resources/resolutions/bank-failures/failed-bank-list/integrity.html|PR-74-2008|https://www.fdic.gov/news/press-releases/2008/pr08074.html
https://www.fdic.gov/resources/resolutions/bank-failures/failed-bank-list/columbian.html|PR-69-2008|https://www.fdic.gov/news/press-releases/2008/pr08069.html
https://www.fdic.gov/resources/resolutions/bank-failures/failed-bank-list/firstprioritybank.html|PR-65-2008|https://www.fdic.gov/news/press-releases/2008/pr08065.html
https://www.fdic.gov/resources/resolutions/bank-failures/failed-bank-list/fnbnv.html|PR-63-2008|https://www.fdic.gov/news/press-releases/2008/pr08063.html
https://www.fdic.gov/resources/resolutions/bank-failures/failed-bank-list/heritage.html|PR-63-2008|https://www.fdic.gov/news/press-releases/2008/pr08063.html
https://www.fdic.gov/resources/resolutions/bank-failures/failed-bank-list/indymac.html|PR-56-2008|https://www.fdic.gov/news/press-releases/2008/pr08056.html
https://www.fdic.gov/resources/resolutions/bank-failures/failed-bank-list/indymac.html|PR-42-2009|https://www.fdic.gov/news/press-releases/2009/pr09042.html
https://www.fdic.gov/resources/resolutions/bank-failures/failed-bank-list/first-integrity-bank.html|PR-41-2008|https://www.fdic.gov/news/press-releases/2008/pr08041.html
https://www.fdic.gov/resources/resolutions/bank-failures/failed-bank-list/anb.html|PR-33-2008|https://www.fdic.gov/news/press-releases/2008/pr08033.html
https://www.fdic.gov/resources/resolutions/bank-failures/failed-bank-list/hume.html|PR-21-2008|https://www.fdic.gov/news/press-releases/2008/pr08021.html
https://www.fdic.gov/resources/resolutions/bank-failures/failed-bank-list/douglass.html|PR-7-2008|https://www.fdic.gov/news/press-releases/2008/pr08007.html
https://www.fdic.gov/resources/resolutions/bank-failures/failed-bank-list/firstfederal-ca.html|PR-239-2009|https://www.fdic.gov/news/press-releases/2009/pr09239.html
https://www.fdic.gov/resources/resolutions/bank-failures/failed-bank-list/imperialcapital.html|PR-238-2009|https://www.fdic.gov/news/press-releases/2009/pr09238.html
https://www.fdic.gov/resources/resolutions/bank-failures/failed-bank-list/ibb.html|PR-237-2009|https://www.fdic.gov/news/press-releases/2009/pr09237.html
https://www.fdic.gov/resources/resolutions/bank-failures/failed-bank-list/ibb.html|PR-006-2010|https://www.fdic.gov/news/press-releases/2010/pr10006.html
https://www.fdic.gov/resources/resolutions/bank-failures/failed-bank-list/newsouth.html|PR-236-2009|https://www.fdic.gov/news/press-releases/2009/pr09236.html
https://www.fdic.gov/resources/resolutions/bank-failures/failed-bank-list/citizensstate-mi.html|PR-235-2009|https://www.fdic.gov/news/press-releases/2009/pr09235.html
https://www.fdic.gov/resources/resolutions/bank-failures/failed-bank-list/peoplesfirst-fl.html|PR-234-2009|https://www.fdic.gov/news/press-releases/2009/pr09234.html
https://www.fdic.gov/resources/resolutions/bank-failures/failed-bank-list/rockbridge.html|PR-233-2009|https://www.fdic.gov/news/press-releases/2009/pr09233.html
https://www.fdic.gov/resources/resolutions/bank-failures/failed-bank-list/solutions.html|PR-227-2009|https://www.fdic.gov/news/press-releases/2009/pr09227.html
https://www.fdic.gov/resources/resolutions/bank-failures/failed-bank-list/valleycapital.html|PR-226-2009|https://www.fdic.gov/news/press-releases/2009/pr09226.html
https://www.fdic.gov/resources/resolutions/bank-failures/failed-bank-list/republicfederal.html|PR-225-2009|https://www.fdic.gov/news/press-releases/2009/pr09225.html
https://www.fdic.gov/resources/resolutions/bank-failures/failed-bank-list/atlantic-va.html|PR-224-2009|https://www.fdic.gov/news/press-releases/2009/pr09224.html
https://www.fdic.gov/resources/resolutions/bank-failures/failed-bank-list/benchmark-il.html|PR-223-2009|https://www.fdic.gov/news/press-releases/2009/pr09223.html
https://www.fdic.gov/resources/resolutions/bank-failures/failed-bank-list/amtrust.html|PR-222-2009|https://www.fdic.gov/news/press-releases/2009/pr09222.html
https://www.fdic.gov/resources/resolutions/bank-failures/failed-bank-list/tattnall.html|PR-221-2009|https://www.fdic.gov/news/press-releases/2009/pr09221.html
https://www.fdic.gov/resources/resolutions/bank-failures/failed-bank-list/firstsecurity.html|PR-220-2009|https://www.fdic.gov/news/press-releases/2009/pr09220.html
https://www.fdic.gov/resources/resolutions/bank-failures/failed-bank-list/buckheadcommunity.html|PR-219-2009|https://www.fdic.gov/news/press-releases/2009/pr09219.html
https://www.fdic.gov/resources/resolutions/bank-failures/failed-bank-list/commercesw-fl.html|PR-211-2009|https://www.fdic.gov/news/press-releases/2009/pr09211.html
https://www.fdic.gov/resources/resolutions/bank-failures/failed-bank-list/pacificcoastnatl.html|PR-207-2009|https://www.fdic.gov/news/press-releases/2009/pr09207.html
https://www.fdic.gov/resources/resolutions/bank-failures/failed-bank-list/orion-fl.html|PR-206-2009|https://www.fdic.gov/news/press-releases/2009/pr09206.html
https://www.fdic.gov/resources/resolutions/bank-failures/failed-bank-list/centuryfsb.html|PR-205-2009|https://www.fdic.gov/news/press-releases/2009/pr09205.html
https://www.fdic.gov/resources/resolutions/bank-failures/failed-bank-list/ucb.html|PR-201-2009|https://www.fdic.gov/news/press-releases/2009/pr09201.html
https://www.fdic.gov/resources/resolutions/bank-failures/failed-bank-list/gateway-mo.html|PR-200-2009|https://www.fdic.gov/news/press-releases/2009/pr09200.html
https://www.fdic.gov/resources/resolutions/bank-failures/failed-bank-list/prosperan.html|PR-199-2009|https://www.fdic.gov/news/press-releases/2009/pr09199.html
https://www.fdic.gov/resources/resolutions/bank-failures/failed-bank-list/homefsb-mi.html|PR-198-2009|https://www.fdic.gov/news/press-releases/2009/pr09198.html
https://www.fdic.gov/resources/resolutions/bank-failures/failed-bank-list/unitedsecurity-ga.html|PR-197-2009|https://www.fdic.gov/news/press-releases/2009/pr09197.html
https://www.fdic.gov/resources/resolutions/bank-failures/failed-bank-list/northhouston-tx.html|PR-195-2009|https://www.fdic.gov/news/press-releases/2009/pr09195.html
https://www.fdic.gov/resources/resolutions/bank-failures/failed-bank-list/madisonville-tx.html|PR-195-2009|https://www.fdic.gov/news/press-releases/2009/pr09195.html
https://www.fdic.gov/resources/resolutions/bank-failures/failed-bank-list/citizens-teague.html|PR-195-2009|https://www.fdic.gov/news/press-releases/2009/pr09195.html
https://www.fdic.gov/resources/resolutions/bank-failures/failed-bank-list/park-il.html|PR-195-2009|https://www.fdic.gov/news/press-releases/2009/pr09195.html
https://www.fdic.gov/resources/resolutions/bank-failures/failed-bank-list/pacificnational-ca.html|PR-195-2009|https://www.fdic.gov/news/press-releases/2009/pr09195.html
https://www.fdic.gov/resources/resolutions/bank-failures/failed-bank-list/calnational.html|PR-195-2009|https://www.fdic.gov/news/press-releases/2009/pr09195.html
https://www.fdic.gov/resources/resolutions/bank-failures/failed-bank-list/sandiegonational.html|PR-195-2009|https://www.fdic.gov/news/press-releases/2009/pr09195.html
https://www.fdic.gov/resources/resolutions/bank-failures/failed-bank-list/community-lemont.html|PR-195-2009|https://www.fdic.gov/news/press-releases/2009/pr09195.html
https://www.fdic.gov/resources/resolutions/bank-failures/failed-bank-list/bankusa-az.html|PR-195-2009|https://www.fdic.gov/news/press-releases/2009/pr09195.html
https://www.fdic.gov/resources/resolutions/bank-failures/failed-bank-list/firstdupage.html|PR-192-2009|https://www.fdic.gov/news/press-releases/2009/pr09192.html
https://www.fdic.gov/resources/resolutions/bank-failures/failed-bank-list/riverview-mn.html|PR-191-2009|https://www.fdic.gov/news/press-releases/2009/pr09191.html
https://www.fdic.gov/resources/resolutions/bank-failures/failed-bank-list/elmwood.html|PR-190-2009|https://www.fdic.gov/news/press-releases/2009/pr09190.html
https://www.fdic.gov/resources/resolutions/bank-failures/failed-bank-list/flagship.html|PR-189-2009|https://www.fdic.gov/news/press-releases/2009/pr09189.html
https://www.fdic.gov/resources/resolutions/bank-failures/failed-bank-list/hillcrest-fl.html|PR-188-2009|https://www.fdic.gov/news/press-releases/2009/pr09188.html
https://www.fdic.gov/resources/resolutions/bank-failures/failed-bank-list/americanunited.html|PR-187-2009|https://www.fdic.gov/news/press-releases/2009/pr09187.html
https://www.fdic.gov/resources/resolutions/bank-failures/failed-bank-list/partners-fl.html|PR-186-2009|https://www.fdic.gov/news/press-releases/2009/pr09186.html
https://www.fdic.gov/resources/resolutions/bank-failures/failed-bank-list/sanjoaquin.html|PR-185-2009|https://www.fdic.gov/news/press-releases/2009/pr09185.html
https://www.fdic.gov/resources/resolutions/bank-failures/failed-bank-list/scnb-co.html|PR-181-2009|https://www.fdic.gov/news/press-releases/2009/pr09181.html
https://www.fdic.gov/resources/resolutions/bank-failures/failed-bank-list/jennings-mn.html|PR-180-2009|https://www.fdic.gov/news/press-releases/2009/pr09180.html
https://www.fdic.gov/resources/resolutions/bank-failures/failed-bank-list/warren-mi.html|PR-179-2009|https://www.fdic.gov/news/press-releases/2009/pr09179.html
https://www.fdic.gov/resources/resolutions/bank-failures/failed-bank-list/georgian.html|PR-177-2009|https://www.fdic.gov/news/press-releases/2009/pr09177.html
https://www.fdic.gov/resources/resolutions/bank-failures/failed-bank-list/irwin-ky.html|PR-174-2009|https://www.fdic.gov/news/press-releases/2009/pr09174.html
https://www.fdic.gov/resources/resolutions/bank-failures/failed-bank-list/irwin-in.html|PR-174-2009|https://www.fdic.gov/news/press-releases/2009/pr09174.html
https://www.fdic.gov/resources/resolutions/bank-failures/failed-bank-list/venture-wa.html|PR-170-2009|https://www.fdic.gov/news/press-releases/2009/pr09170.html
https://www.fdic.gov/resources/resolutions/bank-failures/failed-bank-list/brickwell-mn.html|PR-169-2009|https://www.fdic.gov/news/press-releases/2009/pr09169.html
https://www.fdic.gov/resources/resolutions/bank-failures/failed-bank-list/corus.html|PR-168-2009|https://www.fdic.gov/news/press-releases/2009/pr09168.html
https://www.fdic.gov/resources/resolutions/bank-failures/failed-bank-list/firststate-az.html|PR-165-2009|https://www.fdic.gov/news/press-releases/2009/pr09165.html
https://www.fdic.gov/resources/resolutions/bank-failures/failed-bank-list/platinum-il.html|PR-164-2009|https://www.fdic.gov/news/press-releases/2009/pr09164.html
https://www.fdic.gov/resources/resolutions/bank-failures/failed-bank-list/vantus.html|PR-163-2009|https://www.fdic.gov/news/press-releases/2009/pr09163.html
https://www.fdic.gov/resources/resolutions/bank-failures/failed-bank-list/inbank.html|PR-162-2009|https://www.fdic.gov/news/press-releases/2009/pr09162.html
https://www.fdic.gov/resources/resolutions/bank-failures/failed-bank-list/firstbankkc-mo.html|PR-161-2009|https://www.fdic.gov/news/press-releases/2009/pr09161.html
https://www.fdic.gov/resources/resolutions/bank-failures/failed-bank-list/affinity-ca.html|PR-157-2009|https://www.fdic.gov/news/press-releases/2009/pr09157.html
https://www.fdic.gov/resources/resolutions/bank-failures/failed-bank-list/mainstreet-mn.html|PR-156-2009|https://www.fdic.gov/news/press-releases/2009/pr09156.html
https://www.fdic.gov/resources/resolutions/bank-failures/failed-bank-list/bradford-md.html|PR-155-2009|https://www.fdic.gov/news/press-releases/2009/pr09155.html
https://www.fdic.gov/resources/resolutions/bank-failures/failed-bank-list/guaranty-tx.html|PR-150-2009|https://www.fdic.gov/news/press-releases/2009/pr09150.html
https://www.fdic.gov/resources/resolutions/bank-failures/failed-bank-list/capitalsouth.html|PR-149-2009|https://www.fdic.gov/news/press-releases/2009/pr09149.html
https://www.fdic.gov/resources/resolutions/bank-failures/failed-bank-list/coweta.html|PR-148-2009|https://www.fdic.gov/news/press-releases/2009/pr09148.html
https://www.fdic.gov/resources/resolutions/bank-failures/failed-bank-list/ebank.html|PR-147-2009|https://www.fdic.gov/news/press-releases/2009/pr09147.html
https://www.fdic.gov/resources/resolutions/bank-failures/failed-bank-list/community-nv.html|PR-146-2009|https://www.fdic.gov/news/press-releases/2009/pr09146.html
https://www.fdic.gov/resources/resolutions/bank-failures/failed-bank-list/community-az.html|PR-145-2009|https://www.fdic.gov/news/press-releases/2009/pr09145.html
https://www.fdic.gov/resources/resolutions/bank-failures/failed-bank-list/union-az.html|PR-144-2009|https://www.fdic.gov/news/press-releases/2009/pr09144.html
https://www.fdic.gov/resources/resolutions/bank-failures/failed-bank-list/colonial-al.html|PR-143-2009|https://www.fdic.gov/news/press-releases/2009/pr09143.html
https://www.fdic.gov/resources/resolutions/bank-failures/failed-bank-list/dwelling.html|PR-142-2009|https://www.fdic.gov/news/press-releases/2009/pr09142.html
https://www.fdic.gov/resources/resolutions/bank-failures/failed-bank-list/community-prineville.html|PR-141-2009|https://www.fdic.gov/news/press-releases/2009/pr09141.html
https://www.fdic.gov/resources/resolutions/bank-failures/failed-bank-list/community-venice.html|PR-140-2009|https://www.fdic.gov/news/press-releases/2009/pr09140.html
https://www.fdic.gov/resources/resolutions/bank-failures/failed-bank-list/fsb-sarasota.html|PR-139-2009|https://www.fdic.gov/news/press-releases/2009/pr09139.html
https://www.fdic.gov/resources/resolutions/bank-failures/failed-bank-list/mutual-harvey.html|PR-137-2009|https://www.fdic.gov/news/press-releases/2009/pr09137.html
https://www.fdic.gov/resources/resolutions/bank-failures/failed-bank-list/americano.html|PR-136-2009|https://www.fdic.gov/news/press-releases/2009/pr09136.html
https://www.fdic.gov/resources/resolutions/bank-failures/failed-bank-list/peoplescommunity-oh.html|PR-135-2009|https://www.fdic.gov/news/press-releases/2009/pr09135.html
https://www.fdic.gov/resources/resolutions/bank-failures/failed-bank-list/integrity-fl.html|PR-134-2009|https://www.fdic.gov/news/press-releases/2009/pr09134.html
https://www.fdic.gov/resources/resolutions/bank-failures/failed-bank-list/fsb-altus.html|PR-133-2009|https://www.fdic.gov/news/press-releases/2009/pr09133.html
https://www.fdic.gov/resources/resolutions/bank-failures/failed-bank-list/sb-bibb.html|PR-130-2009|https://www.fdic.gov/news/press-releases/2009/pr09130.html
https://www.fdic.gov/resources/resolutions/bank-failures/failed-bank-list/sb-houston.html|PR-130-2009|https://www.fdic.gov/news/press-releases/2009/pr09130.html
https://www.fdic.gov/resources/resolutions/bank-failures/failed-bank-list/sb-jones.html|PR-130-2009|https://www.fdic.gov/news/press-releases/2009/pr09130.html
https://www.fdic.gov/resources/resolutions/bank-failures/failed-bank-list/sb-gwinnett.html|PR-130-2009|https://www.fdic.gov/news/press-releases/2009/pr09130.html
https://www.fdic.gov/resources/resolutions/bank-failures/failed-bank-list/sb-metro.html|PR-130-2009|https://www.fdic.gov/news/press-releases/2009/pr09130.html
https://www.fdic.gov/resources/resolutions/bank-failures/failed-bank-list/sb-fulton.html|PR-130-2009|https://www.fdic.gov/news/press-releases/2009/pr09130.html
https://www.fdic.gov/resources/resolutions/bank-failures/failed-bank-list/waterford.html|PR-129-2009|https://www.fdic.gov/news/press-releases/2009/pr09129.html
https://www.fdic.gov/resources/resolutions/bank-failures/failed-bank-list/temecula.html|PR-126-2009|https://www.fdic.gov/news/press-releases/2009/pr09126.html
https://www.fdic.gov/resources/resolutions/bank-failures/failed-bank-list/vineyard.html|PR-125-2009|https://www.fdic.gov/news/press-releases/2009/pr09125.html
https://www.fdic.gov/resources/resolutions/bank-failures/failed-bank-list/bankfirst.html|PR-124-2009|https://www.fdic.gov/news/press-releases/2009/pr09124.html
https://www.fdic.gov/resources/resolutions/bank-failures/failed-bank-list/piedmont.html|PR-123-2009|https://www.fdic.gov/news/press-releases/2009/pr09123.html
https://www.fdic.gov/resources/resolutions/bank-failures/failed-bank-list/wyoming.html|PR-122-2009|https://www.fdic.gov/news/press-releases/2009/pr09122.html
https://www.fdic.gov/resources/resolutions/bank-failures/failed-bank-list/founders.html|PR-119-2009|https://www.fdic.gov/news/press-releases/2009/pr09119.html
https://www.fdic.gov/resources/resolutions/bank-failures/failed-bank-list/millennium.html|PR-118-2009|https://www.fdic.gov/news/press-releases/2009/pr09118.html
https://www.fdic.gov/resources/resolutions/bank-failures/failed-bank-list/danville.html|PR-117-2009|https://www.fdic.gov/news/press-releases/2009/pr09117.html
https://www.fdic.gov/resources/resolutions/bank-failures/failed-bank-list/elizabeth.html|PR-116-2009|https://www.fdic.gov/news/press-releases/2009/pr09116.html
https://www.fdic.gov/resources/resolutions/bank-failures/failed-bank-list/rockriver.html|PR-115-2009|https://www.fdic.gov/news/press-releases/2009/pr09115.html
https://www.fdic.gov/resources/resolutions/bank-failures/failed-bank-list/winchester.html|PR-114-2009|https://www.fdic.gov/news/press-releases/2009/pr09114.html
https://www.fdic.gov/resources/resolutions/bank-failures/failed-bank-list/warner.html|PR-113-2009|https://www.fdic.gov/news/press-releases/2009/pr09113.html
https://www.fdic.gov/resources/resolutions/bank-failures/failed-bank-list/mirae.html|PR-105-2009|https://www.fdic.gov/news/press-releases/2009/pr09105.html
https://www.fdic.gov/resources/resolutions/bank-failures/failed-bank-list/metropacific.html|PR-104-2009|https://www.fdic.gov/news/press-releases/2009/pr09104.html
https://www.fdic.gov/resources/resolutions/bank-failures/failed-bank-list/horizon.html|PR-103-2009|https://www.fdic.gov/news/press-releases/2009/pr09103.html
https://www.fdic.gov/resources/resolutions/bank-failures/failed-bank-list/neighbor.html|PR-102-2009|https://www.fdic.gov/news/press-releases/2009/pr09102.html
https://www.fdic.gov/resources/resolutions/bank-failures/failed-bank-list/communityga.html|PR-101-2009|https://www.fdic.gov/news/press-releases/2009/pr09101.html
https://www.fdic.gov/resources/resolutions/bank-failures/failed-bank-list/anthony.html|PR-096-2009|https://www.fdic.gov/news/press-releases/2009/pr09096.html
https://www.fdic.gov/resources/resolutions/bank-failures/failed-bank-list/cooperative.html|PR-095-2009|https://www.fdic.gov/news/press-releases/2009/pr09095.html
https://www.fdic.gov/resources/resolutions/bank-failures/failed-bank-list/scb.html|PR-094-2009|https://www.fdic.gov/news/press-releases/2009/pr09094.html
https://www.fdic.gov/resources/resolutions/bank-failures/failed-bank-list/lincolnwood.html|PR-086-2009|https://www.fdic.gov/news/press-releases/2009/pr09086.html
https://www.fdic.gov/resources/resolutions/bank-failures/failed-bank-list/citizensnational.html|PR-076-2009|https://www.fdic.gov/news/press-releases/2009/pr09076.html
https://www.fdic.gov/resources/resolutions/bank-failures/failed-bank-list/strategiccapital.html|PR-075-2009|https://www.fdic.gov/news/press-releases/2009/pr09075.html
https://www.fdic.gov/resources/resolutions/bank-failures/failed-bank-list/bankunited.html|PR-072-2009|https://www.fdic.gov/news/press-releases/2009/pr09072.html
https://www.fdic.gov/resources/resolutions/bank-failures/failed-bank-list/westsound.html|PR-069-2009|https://www.fdic.gov/news/press-releases/2009/pr09069.html
https://www.fdic.gov/resources/resolutions/bank-failures/failed-bank-list/americawest.html|PR-063-2009|https://www.fdic.gov/news/press-releases/2009/pr09063.html
https://www.fdic.gov/resources/resolutions/bank-failures/failed-bank-list/citizens.html|PR-062-2009|https://www.fdic.gov/news/press-releases/2009/pr09062.html
https://www.fdic.gov/resources/resolutions/bank-failures/failed-bank-list/silverton.html|PR-061-2009|https://www.fdic.gov/news/press-releases/2009/pr09061.html
https://www.fdic.gov/resources/resolutions/bank-failures/failed-bank-list/firstbankidaho.html|PR-060-2009|https://www.fdic.gov/news/press-releases/2009/pr09060.html
https://www.fdic.gov/resources/resolutions/bank-failures/failed-bank-list/beverlyhills.html|PR-059-2009|https://www.fdic.gov/news/press-releases/2009/pr09059.html
https://www.fdic.gov/resources/resolutions/bank-failures/failed-bank-list/michiganheritage.html|PR-058-2009|https://www.fdic.gov/news/press-releases/2009/pr09058.html
https://www.fdic.gov/resources/resolutions/bank-failures/failed-bank-list/amsouthern.html|PR-057-2009|https://www.fdic.gov/news/press-releases/2009/pr09057.html
https://www.fdic.gov/resources/resolutions/bank-failures/failed-bank-list/greatbasin.html|PR-055-2009|https://www.fdic.gov/news/press-releases/2009/pr09055.html
https://www.fdic.gov/resources/resolutions/bank-failures/failed-bank-list/amsterling.html|PR-054-2009|https://www.fdic.gov/news/press-releases/2009/pr09054.html
https://www.fdic.gov/resources/resolutions/bank-failures/failed-bank-list/newfrontier.html|PR-053-2009 )|https://www.fdic.gov/news/press-releases/2009/pr09053.html
https://www.fdic.gov/resources/resolutions/bank-failures/failed-bank-list/capefear.html|PR-052-2009|https://www.fdic.gov/news/press-releases/2009/pr09052.html
https://www.fdic.gov/resources/resolutions/bank-failures/failed-bank-list/omni.html|PR-050-2009|https://www.fdic.gov/news/press-releases/2009/pr09050.html
https://www.fdic.gov/resources/resolutions/bank-failures/failed-bank-list/teambank.html|PR-046-2009|https://www.fdic.gov/news/press-releases/2009/pr09046.html
https://www.fdic.gov/resources/resolutions/bank-failures/failed-bank-list/coloradonational.html|PR-045-2009|https://www.fdic.gov/news/press-releases/2009/pr09045.html
https://www.fdic.gov/resources/resolutions/bank-failures/failed-bank-list/firstcity.html|PR-044-2009|https://www.fdic.gov/news/press-releases/2009/pr09044.html
https://www.fdic.gov/resources/resolutions/bank-failures/failed-bank-list/freedomga.html|PR-037-2009|https://www.fdic.gov/news/press-releases/2009/pr09037.html
https://www.fdic.gov/resources/resolutions/bank-failures/failed-bank-list/securitysavings.html|PR-032-2009|https://www.fdic.gov/news/press-releases/2009/pr09032.html
https://www.fdic.gov/resources/resolutions/bank-failures/failed-bank-list/heritagebank.html|PR-031-2009|https://www.fdic.gov/news/press-releases/2009/pr09031.html
https://www.fdic.gov/resources/resolutions/bank-failures/failed-bank-list/silverfalls.html|PR-024-2009|https://www.fdic.gov/news/press-releases/2009/pr09024.html
https://www.fdic.gov/resources/resolutions/bank-failures/failed-bank-list/pinnacle.html|PR-023-2009|https://www.fdic.gov/news/press-releases/2009/pr09023.html
https://www.fdic.gov/resources/resolutions/bank-failures/failed-bank-list/cornbelt.html|PR-022-2009|https://www.fdic.gov/news/press-releases/2009/pr09022.html
https://www.fdic.gov/resources/resolutions/bank-failures/failed-bank-list/riverside.html|PR-021-2009|https://www.fdic.gov/news/press-releases/2009/pr09021.html
https://www.fdic.gov/resources/resolutions/bank-failures/failed-bank-list/sherman.html|PR-020-2009|https://www.fdic.gov/news/press-releases/2009/pr09020.html
https://www.fdic.gov/resources/resolutions/bank-failures/failed-bank-list/county.html|PR-019-2009|https://www.fdic.gov/news/press-releases/2009/pr09019.html
https://www.fdic.gov/resources/resolutions/bank-failures/failed-bank-list/alliance.html|PR-018-2009|https://www.fdic.gov/news/press-releases/2009/pr09018.html
https://www.fdic.gov/resources/resolutions/bank-failures/failed-bank-list/firstbank.html|PR-017-2009|https://www.fdic.gov/news/press-releases/2009/pr09017.html
https://www.fdic.gov/resources/resolutions/bank-failures/failed-bank-list/ocala.html|PR-014-2009|https://www.fdic.gov/news/press-releases/2009/pr09014.html
https://www.fdic.gov/resources/resolutions/bank-failures/failed-bank-list/suburban.html|PR-013-2009|https://www.fdic.gov/news/press-releases/2009/pr09013.html
https://www.fdic.gov/resources/resolutions/bank-failures/failed-bank-list/magnet.html|PR-012-2009|https://www.fdic.gov/news/press-releases/2009/pr09012.html
https://www.fdic.gov/resources/resolutions/bank-failures/failed-bank-list/centennial.html|PR-007-2009|https://www.fdic.gov/news/press-releases/2009/pr09007.html
https://www.fdic.gov/resources/resolutions/bank-failures/failed-bank-list/clark.html|PR-006-2009|https://www.fdic.gov/news/press-releases/2009/pr09006.html
https://www.fdic.gov/resources/resolutions/bank-failures/failed-bank-list/commerce.html|PR-005-2009|https://www.fdic.gov/news/press-releases/2009/pr09005.html
https://www.fdic.gov/resources/resolutions/bank-failures/failed-bank-list/communitynatl.html|PR-276-2010|https://www.fdic.gov/news/press-releases/2010/pr10276.html
https://www.fdic.gov/resources/resolutions/bank-failures/failed-bank-list/firstsouthern.html|PR-275-2010|https://www.fdic.gov/news/press-releases/2010/pr10275.html
https://www.fdic.gov/resources/resolutions/bank-failures/failed-bank-list/unitedamericas.html|PR-274-2010|https://www.fdic.gov/news/press-releases/2010/pr10274.html
https://www.fdic.gov/resources/resolutions/bank-failures/failed-bank-list/appalachianga.html|PR-273-2010|https://www.fdic.gov/news/press-releases/2010/pr10273.html
https://www.fdic.gov/resources/resolutions/bank-failures/failed-bank-list/chestatee.html|PR-272-2010|https://www.fdic.gov/news/press-releases/2010/pr10272.html
https://www.fdic.gov/resources/resolutions/bank-failures/failed-bank-list/bankofmiami.html|PR-271-2010|https://www.fdic.gov/news/press-releases/2010/pr10271.html
https://www.fdic.gov/resources/resolutions/bank-failures/failed-bank-list/earthstar.html|PR-264-2010|https://www.fdic.gov/news/press-releases/2010/pr10264.html
https://www.fdic.gov/resources/resolutions/bank-failures/failed-bank-list/paramount.html|PR-263-2010|https://www.fdic.gov/news/press-releases/2010/pr10263.html
https://www.fdic.gov/resources/resolutions/bank-failures/failed-bank-list/firstbanking.html|PR-255-2010|https://www.fdic.gov/news/press-releases/2010/pr10255.html
https://www.fdic.gov/resources/resolutions/bank-failures/failed-bank-list/allegbank.html|PR-254-2010|https://www.fdic.gov/news/press-releases/2010/pr10254.html
https://www.fdic.gov/resources/resolutions/bank-failures/failed-bank-list/gulfstate.html|PR-253-2010|https://www.fdic.gov/news/press-releases/2010/pr10253.html
https://www.fdic.gov/resources/resolutions/bank-failures/failed-bank-list/copperstar.html|PR-250-2010|https://www.fdic.gov/news/press-releases/2010/pr10250.html
https://www.fdic.gov/resources/resolutions/bank-failures/failed-bank-list/darbybank.html|PR-249-2010|https://www.fdic.gov/news/press-releases/2010/pr10249.html
https://www.fdic.gov/resources/resolutions/bank-failures/failed-bank-list/tifton.html|PR-249-2010|https://www.fdic.gov/news/press-releases/2010/pr10249.html
https://www.fdic.gov/resources/resolutions/bank-failures/failed-bank-list/firstvietnamese.html|PR-245-2010|https://www.fdic.gov/news/press-releases/2010/pr10245.html
https://www.fdic.gov/resources/resolutions/bank-failures/failed-bank-list/piercecommercial.html|PR-244-2010|https://www.fdic.gov/news/press-releases/2010/pr10244.html
https://www.fdic.gov/resources/resolutions/bank-failures/failed-bank-list/westerncommercial-ca.html|PR-243-2010|https://www.fdic.gov/news/press-releases/2010/pr10243.html
https://www.fdic.gov/resources/resolutions/bank-failures/failed-bank-list/kbank.html|PR-242-2010|https://www.fdic.gov/news/press-releases/2010/pr10242.html
https://www.fdic.gov/resources/resolutions/bank-failures/failed-bank-list/firstazfsb.html|PR-237-2010|https://www.fdic.gov/news/press-releases/2010/pr10237.html
https://www.fdic.gov/resources/resolutions/bank-failures/failed-bank-list/hillcrest-ks.html|PR-236-2010|https://www.fdic.gov/news/press-releases/2010/pr10236.html
https://www.fdic.gov/resources/resolutions/bank-failures/failed-bank-list/firstsuburban.html|PR-235-2010|https://www.fdic.gov/news/press-releases/2010/pr10235.html
https://www.fdic.gov/resources/resolutions/bank-failures/failed-bank-list/fnbbarnesville.html|PR-234-2010|https://www.fdic.gov/news/press-releases/2010/pr10234.html
https://www.fdic.gov/resources/resolutions/bank-failures/failed-bank-list/gordon.html|PR-233-2010|https://www.fdic.gov/news/press-releases/2010/pr10233.html
https://www.fdic.gov/resources/resolutions/bank-failures/failed-bank-list/progress-fl.html|PR-232-2010|https://www.fdic.gov/news/press-releases/2010/pr10232.html
https://www.fdic.gov/resources/resolutions/bank-failures/failed-bank-list/firstbankjacksonville.html|PR-231-2010|https://www.fdic.gov/news/press-releases/2010/pr10231.html
https://www.fdic.gov/resources/resolutions/bank-failures/failed-bank-list/premier-mo.html|PR-228-2010|https://www.fdic.gov/news/press-releases/2010/pr10228.html
https://www.fdic.gov/resources/resolutions/bank-failures/failed-bank-list/westbridge.html|PR-227-2010|https://www.fdic.gov/news/press-releases/2010/pr10227.html
https://www.fdic.gov/resources/resolutions/bank-failures/failed-bank-list/securitysavingsfsb.html|PR-226-2010|https://www.fdic.gov/news/press-releases/2010/pr10226.html
https://www.fdic.gov/resources/resolutions/bank-failures/failed-bank-list/shoreline.html|PR-221-2010|https://www.fdic.gov/news/press-releases/2010/pr10221.html
https://www.fdic.gov/resources/resolutions/bank-failures/failed-bank-list/wakulla.html|PR-220-2010|https://www.fdic.gov/news/press-releases/2010/pr10220.html
https://www.fdic.gov/resources/resolutions/bank-failures/failed-bank-list/northcounty.html|PR-215-2010|https://www.fdic.gov/news/press-releases/2010/pr10215.html
https://www.fdic.gov/resources/resolutions/bank-failures/failed-bank-list/haventrust-fl.html|PR-214-2010|https://www.fdic.gov/news/press-releases/2010/pr10214.html
https://www.fdic.gov/resources/resolutions/bank-failures/failed-bank-list/maritimesavings.html|PR-210-2010|https://www.fdic.gov/news/press-releases/2010/pr10210.html
https://www.fdic.gov/resources/resolutions/bank-failures/failed-bank-list/bramblesavings.html|PR-209-2010|https://www.fdic.gov/news/press-releases/2010/pr10209.html
https://www.fdic.gov/resources/resolutions/bank-failures/failed-bank-list/peoplesbank-ga.html|PR-208-2010|https://www.fdic.gov/news/press-releases/2010/pr10208.html
https://www.fdic.gov/resources/resolutions/bank-failures/failed-bank-list/firstcommerce-ga.html|PR-208-2010|https://www.fdic.gov/news/press-releases/2010/pr10208.html
https://www.fdic.gov/resources/resolutions/bank-failures/failed-bank-list/ellijay.html|PR-208-2010|https://www.fdic.gov/news/press-releases/2010/pr10208.html
https://www.fdic.gov/resources/resolutions/bank-failures/failed-bank-list/isnbank.html|PR-207-2010|https://www.fdic.gov/news/press-releases/2010/pr10207.html
https://www.fdic.gov/resources/resolutions/bank-failures/failed-bank-list/horizonfl.html|PR-205-2010|https://www.fdic.gov/news/press-releases/2010/pr10205.html
https://www.fdic.gov/resources/resolutions/bank-failures/failed-bank-list/sonoma.html|PR-196-2010|https://www.fdic.gov/news/press-releases/2010/pr10196.html
https://www.fdic.gov/resources/resolutions/bank-failures/failed-bank-list/lospadres.html|PR-195-2010|https://www.fdic.gov/news/press-releases/2010/pr10195.html
https://www.fdic.gov/resources/resolutions/bank-failures/failed-bank-list/butte.html|PR-194-2010|https://www.fdic.gov/news/press-releases/2010/pr10194.html
https://www.fdic.gov/resources/resolutions/bank-failures/failed-bank-list/pacificbk.html|PR-194-2010|https://www.fdic.gov/news/press-releases/2010/pr10194.html
https://www.fdic.gov/resources/resolutions/bank-failures/failed-bank-list/shorebank.html|PR-193-2010|https://www.fdic.gov/news/press-releases/2010/pr10193.html
https://www.fdic.gov/resources/resolutions/bank-failures/failed-bank-list/imperialsvgs.html|PR-192-2010|https://www.fdic.gov/news/press-releases/2010/pr10192.html
https://www.fdic.gov/resources/resolutions/bank-failures/failed-bank-list/inatbank.html|PR-191-2010|https://www.fdic.gov/news/press-releases/2010/pr10191.html
https://www.fdic.gov/resources/resolutions/bank-failures/failed-bank-list/cnbbartow.html|PR-191-2010|https://www.fdic.gov/news/press-releases/2010/pr10191.html
https://www.fdic.gov/resources/resolutions/bank-failures/failed-bank-list/palosbank.html|PR-189-2010|https://www.fdic.gov/news/press-releases/2010/pr10189.html
https://www.fdic.gov/resources/resolutions/bank-failures/failed-bank-list/ravenswood.html|PR-181-2010|https://www.fdic.gov/news/press-releases/2010/pr10181.html
https://www.fdic.gov/resources/resolutions/bank-failures/failed-bank-list/libertyor.html|PR-176-2010|https://www.fdic.gov/news/press-releases/2010/pr10176.html
https://www.fdic.gov/resources/resolutions/bank-failures/failed-bank-list/cowlitz.html|PR-175-2010|https://www.fdic.gov/news/press-releases/2010/pr10175.html
https://www.fdic.gov/resources/resolutions/bank-failures/failed-bank-list/coastal.html|PR-174-2010|https://www.fdic.gov/news/press-releases/2010/pr10174.html
https://www.fdic.gov/resources/resolutions/bank-failures/failed-bank-list/bayside.html|PR-174-2010|https://www.fdic.gov/news/press-releases/2010/pr10174.html
https://www.fdic.gov/resources/resolutions/bank-failures/failed-bank-list/northwestga.html|PR-172-2010|https://www.fdic.gov/news/press-releases/2010/pr10172.html
https://www.fdic.gov/resources/resolutions/bank-failures/failed-bank-list/homevalleyor.html|PR-169-2010|https://www.fdic.gov/news/press-releases/2010/pr10169.html
https://www.fdic.gov/resources/resolutions/bank-failures/failed-bank-list/southwestusanv.html|PR-168-2010|https://www.fdic.gov/news/press-releases/2010/pr10168.html
https://www.fdic.gov/resources/resolutions/bank-failures/failed-bank-list/communitysecmn.html|PR-167-2010|https://www.fdic.gov/news/press-releases/2010/pr10167.html
https://www.fdic.gov/resources/resolutions/bank-failures/failed-bank-list/thunderbankks.html|PR-166-2010|https://www.fdic.gov/news/press-releases/2010/pr10166.html
https://www.fdic.gov/resources/resolutions/bank-failures/failed-bank-list/williamsburgsc.html|PR-165-2010|https://www.fdic.gov/news/press-releases/2010/pr10165.html
https://www.fdic.gov/resources/resolutions/bank-failures/failed-bank-list/crescentga.html|PR-164-2010|https://www.fdic.gov/news/press-releases/2010/pr10164.html
https://www.fdic.gov/resources/resolutions/bank-failures/failed-bank-list/sterlingfl.html|PR-163-2010|https://www.fdic.gov/news/press-releases/2010/pr10163.html
https://www.fdic.gov/resources/resolutions/bank-failures/failed-bank-list/mainstsvgs.html|PR-159-2010|https://www.fdic.gov/news/press-releases/2010/pr10159.html
https://www.fdic.gov/resources/resolutions/bank-failures/failed-bank-list/oldecypress.html|PR-158-2010|https://www.fdic.gov/news/press-releases/2010/pr10158.html
https://www.fdic.gov/resources/resolutions/bank-failures/failed-bank-list/turnberry.html|PR-157-2010|https://www.fdic.gov/news/press-releases/2010/pr10157.html
https://www.fdic.gov/resources/resolutions/bank-failures/failed-bank-list/metrobankfl.html|PR-157-2010|https://www.fdic.gov/news/press-releases/2010/pr10157.html
https://www.fdic.gov/resources/resolutions/bank-failures/failed-bank-list/firstnatlsc.html|PR-157-2010|https://www.fdic.gov/news/press-releases/2010/pr10157.html
https://www.fdic.gov/resources/resolutions/bank-failures/failed-bank-list/woodlands.html|PR-156-2010|https://www.fdic.gov/news/press-releases/2010/pr10156.html
https://www.fdic.gov/resources/resolutions/bank-failures/failed-bank-list/homenatlok.html|PR-152-2010|https://www.fdic.gov/news/press-releases/2010/pr10152.html
https://www.fdic.gov/resources/resolutions/bank-failures/failed-bank-list/usabankny.html|PR-151-2010|https://www.fdic.gov/news/press-releases/2010/pr10151.html
https://www.fdic.gov/resources/resolutions/bank-failures/failed-bank-list/idealfedsvngsmd.html|PR-150-2010|https://www.fdic.gov/news/press-releases/2010/pr10150.html
https://www.fdic.gov/resources/resolutions/bank-failures/failed-bank-list/baynatlmd.html|PR-149-2010|https://www.fdic.gov/news/press-releases/2010/pr10149.html
https://www.fdic.gov/resources/resolutions/bank-failures/failed-bank-list/highdesertnm.html|PR-145-2010|https://www.fdic.gov/news/press-releases/2010/pr10145.html
https://www.fdic.gov/resources/resolutions/bank-failures/failed-bank-list/firstnatga.html|PR-144-2010|https://www.fdic.gov/news/press-releases/2010/pr10144.html
https://www.fdic.gov/resources/resolutions/bank-failures/failed-bank-list/peninsulafl.html|PR-143-2010|https://www.fdic.gov/news/press-releases/2010/pr10143.html
https://www.fdic.gov/resources/resolutions/bank-failures/failed-bank-list/nevsecbank.html|PR-137-2010|https://www.fdic.gov/news/press-releases/2010/pr10137.html
https://www.fdic.gov/resources/resolutions/bank-failures/failed-bank-list/washfirstintl.html|PR-133-2010|https://www.fdic.gov/news/press-releases/2010/pr10133.html
https://www.fdic.gov/resources/resolutions/bank-failures/failed-bank-list/tieronebankne.html|PR-132-2010|https://www.fdic.gov/news/press-releases/2010/pr10132.html
https://www.fdic.gov/resources/resolutions/bank-failures/failed-bank-list/arcolail.html|PR-131-2010|https://www.fdic.gov/news/press-releases/2010/pr10131.html
https://www.fdic.gov/resources/resolutions/bank-failures/failed-bank-list/firstnatms.html|PR-130-2010|https://www.fdic.gov/news/press-releases/2010/pr10130.html
https://www.fdic.gov/resources/resolutions/bank-failures/failed-bank-list/swbnevada.html|PR-127-2010|https://www.fdic.gov/news/press-releases/2010/pr10127.html
https://www.fdic.gov/resources/resolutions/bank-failures/failed-bank-list/graniteca.html|PR-126-2010|https://www.fdic.gov/news/press-releases/2010/pr10126.html
https://www.fdic.gov/resources/resolutions/bank-failures/failed-bank-list/bankoffloridatb.html|PR-125-2010|https://www.fdic.gov/news/press-releases/2010/pr10125.html
https://www.fdic.gov/resources/resolutions/bank-failures/failed-bank-list/bankoffloridasw.html|PR-125-2010|https://www.fdic.gov/news/press-releases/2010/pr10125.html
https://www.fdic.gov/resources/resolutions/bank-failures/failed-bank-list/bankoffloridase.html|PR-125-2010|https://www.fdic.gov/news/press-releases/2010/pr10125.html
https://www.fdic.gov/resources/resolutions/bank-failures/failed-bank-list/pinehurstmn.html|PR-118-2010|https://www.fdic.gov/news/press-releases/2010/pr10118.html
https://www.fdic.gov/resources/resolutions/bank-failures/failed-bank-list/midwestil.html|PR-116-2010|https://www.fdic.gov/news/press-releases/2010/pr10116.html
https://www.fdic.gov/resources/resolutions/bank-failures/failed-bank-list/swcmntymo.html|PR-115-2010|https://www.fdic.gov/news/press-releases/2010/pr10115.html
https://www.fdic.gov/resources/resolutions/bank-failures/failed-bank-list/newlibertymi.html|PR-114-2010|https://www.fdic.gov/news/press-releases/2010/pr10114.html
https://www.fdic.gov/resources/resolutions/bank-failures/failed-bank-list/satillacmntyga.html|PR-113-2010|https://www.fdic.gov/news/press-releases/2010/pr10113.html
https://www.fdic.gov/resources/resolutions/bank-failures/failed-bank-list/1stpacific.html|PR-109-2010|https://www.fdic.gov/news/press-releases/2010/pr10109.html
https://www.fdic.gov/resources/resolutions/bank-failures/failed-bank-list/townebank.html|PR-108-2010|https://www.fdic.gov/news/press-releases/2010/pr10108.html
https://www.fdic.gov/resources/resolutions/bank-failures/failed-bank-list/accessbank.html|PR-107-2010|https://www.fdic.gov/news/press-releases/2010/pr10107.html
https://www.fdic.gov/resources/resolutions/bank-failures/failed-bank-list/bonifay.html|PR-106-2010|https://www.fdic.gov/news/press-releases/2010/pr10106.html
https://www.fdic.gov/resources/resolutions/bank-failures/failed-bank-list/frontier.html|PR-101-2010|https://www.fdic.gov/news/press-releases/2010/pr10101.html
https://www.fdic.gov/resources/resolutions/bank-failures/failed-bank-list/bc-natl.html|PR-100-2010|https://www.fdic.gov/news/press-releases/2010/pr10100.html
https://www.fdic.gov/resources/resolutions/bank-failures/failed-bank-list/champion.html|PR-099-2010|https://www.fdic.gov/news/press-releases/2010/pr10099.html
https://www.fdic.gov/resources/resolutions/bank-failures/failed-bank-list/cfbancorp.html|PR-098-2010|https://www.fdic.gov/news/press-releases/2010/pr10098.html
https://www.fdic.gov/resources/resolutions/bank-failures/failed-bank-list/westernbank-puertorico.html|PR-097-2010|https://www.fdic.gov/news/press-releases/2010/pr10097.html
https://www.fdic.gov/resources/resolutions/bank-failures/failed-bank-list/r-gpremier-puertorico.html|PR-096-2010|https://www.fdic.gov/news/press-releases/2010/pr10096.html
https://www.fdic.gov/resources/resolutions/bank-failures/failed-bank-list/eurobank-puertorico.html|PR-095-2010|https://www.fdic.gov/news/press-releases/2010/pr10095.html
https://www.fdic.gov/resources/resolutions/bank-failures/failed-bank-list/wheatland.html|PR-090-2010|https://www.fdic.gov/news/press-releases/2010/pr10090.html
https://www.fdic.gov/resources/resolutions/bank-failures/failed-bank-list/peotone.html|PR-089-2010|https://www.fdic.gov/news/press-releases/2010/pr10089.html
https://www.fdic.gov/resources/resolutions/bank-failures/failed-bank-list/lincoln-park.html|PR-088-2010|https://www.fdic.gov/news/press-releases/2010/pr10088.html
https://www.fdic.gov/resources/resolutions/bank-failures/failed-bank-list/new-century-il.html|PR-087-2010|https://www.fdic.gov/news/press-releases/2010/pr10087.html
https://www.fdic.gov/resources/resolutions/bank-failures/failed-bank-list/citizens-bank.html|PR-086-2010|https://www.fdic.gov/news/press-releases/2010/pr10086.html
https://www.fdic.gov/resources/resolutions/bank-failures/failed-bank-list/broadway.html|PR-085-2010|https://www.fdic.gov/news/press-releases/2010/pr10085.html
https://www.fdic.gov/resources/resolutions/bank-failures/failed-bank-list/amcore.html|PR-084-2010|https://www.fdic.gov/news/press-releases/2010/pr10084.html
https://www.fdic.gov/resources/resolutions/bank-failures/failed-bank-list/citybank.html|PR-082-2010|https://www.fdic.gov/news/press-releases/2010/pr10082.html
https://www.fdic.gov/resources/resolutions/bank-failures/failed-bank-list/tamalpais.html|PR-081-2010|https://www.fdic.gov/news/press-releases/2010/pr10081.html
https://www.fdic.gov/resources/resolutions/bank-failures/failed-bank-list/innovative.html|PR-080-2010|https://www.fdic.gov/news/press-releases/2010/pr10080.html
https://www.fdic.gov/resources/resolutions/bank-failures/failed-bank-list/butlerbank.html|PR-079-2010|https://www.fdic.gov/news/press-releases/2010/pr10079.html
https://www.fdic.gov/resources/resolutions/bank-failures/failed-bank-list/riverside-natl.html|PR-078-2010|https://www.fdic.gov/news/press-releases/2010/pr10078.html
https://www.fdic.gov/resources/resolutions/bank-failures/failed-bank-list/americanfirst.html|PR-078-2010|https://www.fdic.gov/news/press-releases/2010/pr10078.html
https://www.fdic.gov/resources/resolutions/bank-failures/failed-bank-list/ffbnf.html|PR-078-2010|https://www.fdic.gov/news/press-releases/2010/pr10078.html
https://www.fdic.gov/resources/resolutions/bank-failures/failed-bank-list/lakeside-comm.html|PR-077-2010|https://www.fdic.gov/news/press-releases/2010/pr10077.html
https://www.fdic.gov/resources/resolutions/bank-failures/failed-bank-list/beachfirst.html|PR-073-2010|https://www.fdic.gov/news/press-releases/2010/pr10073.html
https://www.fdic.gov/resources/resolutions/bank-failures/failed-bank-list/deserthills.html|PR-069-2010|https://www.fdic.gov/news/press-releases/2010/pr10069.html
https://www.fdic.gov/resources/resolutions/bank-failures/failed-bank-list/unity-natl.html|PR-068-2010|https://www.fdic.gov/news/press-releases/2010/pr10068.html
https://www.fdic.gov/resources/resolutions/bank-failures/failed-bank-list/key-west.html|PR-067-2010|https://www.fdic.gov/news/press-releases/2010/pr10067.html
https://www.fdic.gov/resources/resolutions/bank-failures/failed-bank-list/mcintosh.html|PR-066-2010|https://www.fdic.gov/news/press-releases/2010/pr10066.html
https://www.fdic.gov/resources/resolutions/bank-failures/failed-bank-list/state-aurora.html|PR-062-2010|https://www.fdic.gov/news/press-releases/2010/pr10062.html
https://www.fdic.gov/resources/resolutions/bank-failures/failed-bank-list/firstlowndes.html|PR-061-2010|https://www.fdic.gov/news/press-releases/2010/pr10061.html
https://www.fdic.gov/resources/resolutions/bank-failures/failed-bank-list/bankofhiawassee.html|PR-060-2010|https://www.fdic.gov/news/press-releases/2010/pr10060.html
https://www.fdic.gov/resources/resolutions/bank-failures/failed-bank-list/appalachian.html|PR-059-2010|https://www.fdic.gov/news/press-releases/2010/pr10059.html
https://www.fdic.gov/resources/resolutions/bank-failures/failed-bank-list/advanta-ut.html|PR-058-2010|https://www.fdic.gov/news/press-releases/2010/pr10058.html
https://www.fdic.gov/resources/resolutions/bank-failures/failed-bank-list/cent-security.html|PR-057-2010|https://www.fdic.gov/news/press-releases/2010/pr10057.html
https://www.fdic.gov/resources/resolutions/bank-failures/failed-bank-list/amer-natl-oh.html|PR-056-2010|https://www.fdic.gov/news/press-releases/2010/pr10056.html
https://www.fdic.gov/resources/resolutions/bank-failures/failed-bank-list/statewide.html|PR-053-2010|https://www.fdic.gov/news/press-releases/2010/pr10053.html
https://www.fdic.gov/resources/resolutions/bank-failures/failed-bank-list/oldsouthern.html|PR-052-2010|https://www.fdic.gov/news/press-releases/2010/pr10052.html
https://www.fdic.gov/resources/resolutions/bank-failures/failed-bank-list/parkavenue-ny.html|PR-051-2010|https://www.fdic.gov/news/press-releases/2010/pr10051.html
https://www.fdic.gov/resources/resolutions/bank-failures/failed-bank-list/libertypointe.html|PR-049-2010|https://www.fdic.gov/news/press-releases/2010/pr10049.html
https://www.fdic.gov/resources/resolutions/bank-failures/failed-bank-list/centennial-ut.html|PR-046-2010|https://www.fdic.gov/news/press-releases/2010/pr10046.html
https://www.fdic.gov/resources/resolutions/bank-failures/failed-bank-list/waterfield.html|PR-045-2010|https://www.fdic.gov/news/press-releases/2010/pr10045.html
https://www.fdic.gov/resources/resolutions/bank-failures/failed-bank-list/bankofillinois.html|PR-044-2010|https://www.fdic.gov/news/press-releases/2010/pr10044.html
https://www.fdic.gov/resources/resolutions/bank-failures/failed-bank-list/sunamerican.html|PR-043-2010|https://www.fdic.gov/news/press-releases/2010/pr10043.html
https://www.fdic.gov/resources/resolutions/bank-failures/failed-bank-list/rainier.html|PR-041-2010|https://www.fdic.gov/news/press-releases/2010/pr10041.html
https://www.fdic.gov/resources/resolutions/bank-failures/failed-bank-list/carsonriver.html|PR-040-2010|https://www.fdic.gov/news/press-releases/2010/pr10040.html
https://www.fdic.gov/resources/resolutions/bank-failures/failed-bank-list/lajolla.html|PR-034-2010|https://www.fdic.gov/news/press-releases/2010/pr10034.html
https://www.fdic.gov/resources/resolutions/bank-failures/failed-bank-list/georgewashington.html|PR-033-2010|https://www.fdic.gov/news/press-releases/2010/pr10033.html
https://www.fdic.gov/resources/resolutions/bank-failures/failed-bank-list/lacoste.html|PR-032-2010|https://www.fdic.gov/news/press-releases/2010/pr10032.html
https://www.fdic.gov/resources/resolutions/bank-failures/failed-bank-list/marco.html|PR-031-2010|https://www.fdic.gov/news/press-releases/2010/pr10031.html
https://www.fdic.gov/resources/resolutions/bank-failures/failed-bank-list/1stamerican.html|PR-030-2010|https://www.fdic.gov/news/press-releases/2010/pr10030.html
https://www.fdic.gov/resources/resolutions/bank-failures/failed-bank-list/americanmarine.html|PR-027-2010|https://www.fdic.gov/news/press-releases/2010/pr10027.html
https://www.fdic.gov/resources/resolutions/bank-failures/failed-bank-list/firstregional.html|PR-026-2010|https://www.fdic.gov/news/press-releases/2010/pr10026.html
https://www.fdic.gov/resources/resolutions/bank-failures/failed-bank-list/cbt-cornelia.html|PR-025-2010|https://www.fdic.gov/news/press-releases/2010/pr10025.html
https://www.fdic.gov/resources/resolutions/bank-failures/failed-bank-list/marshall-mn.html|PR-024-2010|https://www.fdic.gov/news/press-releases/2010/pr10024.html
https://www.fdic.gov/resources/resolutions/bank-failures/failed-bank-list/floridacommunity.html|PR-023-2010|https://www.fdic.gov/news/press-releases/2010/pr10023.html
https://www.fdic.gov/resources/resolutions/bank-failures/failed-bank-list/firstnational-carrollton.html|PR-022-2010|https://www.fdic.gov/news/press-releases/2010/pr10022.html
https://www.fdic.gov/resources/resolutions/bank-failures/failed-bank-list/columbiariver.html|PR-018-2010|https://www.fdic.gov/news/press-releases/2010/pr10018.html
https://www.fdic.gov/resources/resolutions/bank-failures/failed-bank-list/evergreen-wa.html|PR-017-2010|https://www.fdic.gov/news/press-releases/2010/pr10017.html
https://www.fdic.gov/resources/resolutions/bank-failures/failed-bank-list/charter-nm.html|PR-016-2010|https://www.fdic.gov/news/press-releases/2010/pr10016.html
https://www.fdic.gov/resources/resolutions/bank-failures/failed-bank-list/leeton.html|PR-015-2010|https://www.fdic.gov/news/press-releases/2010/pr10015.html
https://www.fdic.gov/resources/resolutions/bank-failures/failed-bank-list/premieramerican.html|PR-014-2010|https://www.fdic.gov/news/press-releases/2010/pr10014.html
https://www.fdic.gov/resources/resolutions/bank-failures/failed-bank-list/barnes.html|PR-010-2010|https://www.fdic.gov/news/press-releases/2010/pr10010.html
https://www.fdic.gov/resources/resolutions/bank-failures/failed-bank-list/ststephen.html|PR-009-2010|https://www.fdic.gov/news/press-releases/2010/pr10009.html
https://www.fdic.gov/resources/resolutions/bank-failures/failed-bank-list/towncommunity.html|PR-008-2010|https://www.fdic.gov/news/press-releases/2010/pr10008.html
https://www.fdic.gov/resources/resolutions/bank-failures/failed-bank-list/horizon-wa.html|PR-004-2010|https://www.fdic.gov/news/press-releases/2010/pr10004.html
https://www.fdic.gov/resources/resolutions/bank-failures/failed-bank-list/westernnatl.html|PR-195-2011|https://www.fdic.gov/news/press-releases/2011/pr11195.html
https://www.fdic.gov/resources/resolutions/bank-failures/failed-bank-list/premier-fl.html|PR-194-2011|https://www.fdic.gov/news/press-releases/2011/pr11194.html
https://www.fdic.gov/resources/resolutions/bank-failures/failed-bank-list/centralprog.html|PR-181-2011|https://www.fdic.gov/news/press-releases/2011/pr11181.html
https://www.fdic.gov/resources/resolutions/bank-failures/failed-bank-list/polkcounty.html|PR-180-2011|https://www.fdic.gov/news/press-releases/2011/pr11180.html
https://www.fdic.gov/resources/resolutions/bank-failures/failed-bank-list/rockmart.html|PR-178-2011|https://www.fdic.gov/news/press-releases/2011/pr11178.html
https://www.fdic.gov/resources/resolutions/bank-failures/failed-bank-list/sunfirst.html|PR-177-2011|https://www.fdic.gov/news/press-releases/2011/pr11177.html
https://www.fdic.gov/resources/resolutions/bank-failures/failed-bank-list/midcity.html|PR-176-2011|https://www.fdic.gov/news/press-releases/2011/pr11176.html
https://www.fdic.gov/resources/resolutions/bank-failures/failed-bank-list/allamerican.html|PR-174-2011|https://www.fdic.gov/news/press-releases/2011/pr11174.html
https://www.fdic.gov/resources/resolutions/bank-failures/failed-bank-list/commbanksco.html|PR-172-2011|https://www.fdic.gov/news/press-releases/2011/pr11172.html
https://www.fdic.gov/resources/resolutions/bank-failures/failed-bank-list/commcapbk.html|PR-171-2011|https://www.fdic.gov/news/press-releases/2011/pr11171.html
https://www.fdic.gov/resources/resolutions/bank-failures/failed-bank-list/decatur.html|PR-170-2011|https://www.fdic.gov/news/press-releases/2011/pr11170.html
https://www.fdic.gov/resources/resolutions/bank-failures/failed-bank-list/oldharbor.html|PR-169-2011|https://www.fdic.gov/news/press-releases/2011/pr11169.html
https://www.fdic.gov/resources/resolutions/bank-failures/failed-bank-list/countrybank.html|PR-167-2011|https://www.fdic.gov/news/press-releases/2011/pr11167.html
https://www.fdic.gov/resources/resolutions/bank-failures/failed-bank-list/firststatebank-nj.html|PR-166-2011|https://www.fdic.gov/news/press-releases/2011/pr11166.html
https://www.fdic.gov/resources/resolutions/bank-failures/failed-bank-list/blueridge.html|PR-165-2011|https://www.fdic.gov/news/press-releases/2011/pr11165.html
https://www.fdic.gov/resources/resolutions/bank-failures/failed-bank-list/piedmont-ga.html|PR-164-2011|https://www.fdic.gov/news/press-releases/2011/pr11164.html
https://www.fdic.gov/resources/resolutions/bank-failures/failed-bank-list/sunsecurity.html|PR-159-2011|https://www.fdic.gov/news/press-releases/2011/pr11159.html
https://www.fdic.gov/resources/resolutions/bank-failures/failed-bank-list/riverbank.html|PR-158-2011|https://www.fdic.gov/news/press-releases/2011/pr11158.html
https://www.fdic.gov/resources/resolutions/bank-failures/failed-bank-list/firstintlbank.html|PR-156-2011|https://www.fdic.gov/news/press-releases/2011/pr11156.html
https://www.fdic.gov/resources/resolutions/bank-failures/failed-bank-list/cbnc.html|PR-154-2011|https://www.fdic.gov/news/press-releases/2011/pr11154.html
https://www.fdic.gov/resources/resolutions/bank-failures/failed-bank-list/boc-va.html|PR-153-2011|https://www.fdic.gov/news/press-releases/2011/pr11153.html
https://www.fdic.gov/resources/resolutions/bank-failures/failed-bank-list/fnbf.html|PR-149-2011|https://www.fdic.gov/news/press-releases/2011/pr11149.html
https://www.fdic.gov/resources/resolutions/bank-failures/failed-bank-list/creekside.html|PR-146-2011|https://www.fdic.gov/news/press-releases/2011/pr11146.html
https://www.fdic.gov/resources/resolutions/bank-failures/failed-bank-list/patriot.html|PR-146-2011|https://www.fdic.gov/news/press-releases/2011/pr11146.html
https://www.fdic.gov/resources/resolutions/bank-failures/failed-bank-list/firstchoice-il.html|PR-139-2011|https://www.fdic.gov/news/press-releases/2011/pr11139.html
https://www.fdic.gov/resources/resolutions/bank-failures/failed-bank-list/firstsouthern-ga.html|PR-138-2011|https://www.fdic.gov/news/press-releases/2011/pr11138.html
https://www.fdic.gov/resources/resolutions/bank-failures/failed-bank-list/lydian.html|PR-137-2011|https://www.fdic.gov/news/press-releases/2011/pr11137.html
https://www.fdic.gov/resources/resolutions/bank-failures/failed-bank-list/publicsvgs.html|PR-136-2011|https://www.fdic.gov/news/press-releases/2011/pr11136.html
https://www.fdic.gov/resources/resolutions/bank-failures/failed-bank-list/fnbo.html|PR-134-2011|https://www.fdic.gov/news/press-releases/2011/pr11134.html
https://www.fdic.gov/resources/resolutions/bank-failures/failed-bank-list/whitman.html|PR-132-2011|https://www.fdic.gov/news/press-releases/2011/pr11132.html
https://www.fdic.gov/resources/resolutions/bank-failures/failed-bank-list/shorewood.html|PR-131-2011|https://www.fdic.gov/news/press-releases/2011/pr11131.html
https://www.fdic.gov/resources/resolutions/bank-failures/failed-bank-list/integra.html|PR-128-2011|https://www.fdic.gov/news/press-releases/2011/pr11128.html
https://www.fdic.gov/resources/resolutions/bank-failures/failed-bank-list/bankmeridian.html|PR-127-2011|https://www.fdic.gov/news/press-releases/2011/pr11127.html
https://www.fdic.gov/resources/resolutions/bank-failures/failed-bank-list/vbb.html|PR-126-2011|https://www.fdic.gov/news/press-releases/2011/pr11126.html
https://www.fdic.gov/resources/resolutions/bank-failures/failed-bank-list/bankofchoice.html|PR-124-2011|https://www.fdic.gov/news/press-releases/2011/pr11124.html
https://www.fdic.gov/resources/resolutions/bank-failures/failed-bank-list/LandMark.html|PR-123-2011|https://www.fdic.gov/news/press-releases/2011/pr11123.html
https://www.fdic.gov/resources/resolutions/bank-failures/failed-bank-list/southshore.html|PR-123-2011|https://www.fdic.gov/news/press-releases/2011/pr11123.html
https://www.fdic.gov/resources/resolutions/bank-failures/failed-bank-list/summitbank.html|PR-122-2011|https://www.fdic.gov/news/press-releases/2011/pr11122.html
https://www.fdic.gov/resources/resolutions/bank-failures/failed-bank-list/firstpeoples.html|PR-121-2011|https://www.fdic.gov/news/press-releases/2011/pr11121.html
https://www.fdic.gov/resources/resolutions/bank-failures/failed-bank-list/hightrust.html|PR-120-2011|https://www.fdic.gov/news/press-releases/2011/pr11120.html
https://www.fdic.gov/resources/resolutions/bank-failures/failed-bank-list/onegeorgia.html|PR-120-2011|https://www.fdic.gov/news/press-releases/2011/pr11120.html
https://www.fdic.gov/resources/resolutions/bank-failures/failed-bank-list/signaturebank.html|PR-119-2011|https://www.fdic.gov/news/press-releases/2011/pr11119.html
https://www.fdic.gov/resources/resolutions/bank-failures/failed-bank-list/coloradocapital.html|PR-118-2011|https://www.fdic.gov/news/press-releases/2011/pr11118.html
https://www.fdic.gov/resources/resolutions/bank-failures/failed-bank-list/firstchicago.html|PR-117-2011|https://www.fdic.gov/news/press-releases/2011/pr11117.html
https://www.fdic.gov/resources/resolutions/bank-failures/failed-bank-list/mountain.html|PR-110-2011|https://www.fdic.gov/news/press-releases/2011/pr11110.html
https://www.fdic.gov/resources/resolutions/bank-failures/failed-bank-list/fcbtb.html|PR-105-2011|https://www.fdic.gov/news/press-releases/2011/pr11105.html
https://www.fdic.gov/resources/resolutions/bank-failures/failed-bank-list/mcintoshstate.html|PR-104-2011|https://www.fdic.gov/news/press-releases/2011/pr11104.html
https://www.fdic.gov/resources/resolutions/bank-failures/failed-bank-list/atlanticbanktrust.html|PR-100-2011|https://www.fdic.gov/news/press-releases/2011/pr11100.html
https://www.fdic.gov/resources/resolutions/bank-failures/failed-bank-list/firstheritage.html|PR-094-2011|https://www.fdic.gov/news/press-releases/2011/pr11094.html
https://www.fdic.gov/resources/resolutions/bank-failures/failed-bank-list/summit.html|PR-090-2011|https://www.fdic.gov/news/press-releases/2011/pr11090.html
https://www.fdic.gov/resources/resolutions/bank-failures/failed-bank-list/fgbc.html|PR-089-2011|https://www.fdic.gov/news/press-releases/2011/pr11089.html
https://www.fdic.gov/resources/resolutions/bank-failures/failed-bank-list/atlanticsthrn.html|PR-089-2011|https://www.fdic.gov/news/press-releases/2011/pr11089.html
https://www.fdic.gov/resources/resolutions/bank-failures/failed-bank-list/coastal-fl.html|PR-084-2011|https://www.fdic.gov/news/press-releases/2011/pr11084.html
https://www.fdic.gov/resources/resolutions/bank-failures/failed-bank-list/communitycentral.html|PR-080-2011|https://www.fdic.gov/news/press-releases/2011/pr11080.html
https://www.fdic.gov/resources/resolutions/bank-failures/failed-bank-list/parkavenue-ga.html|PR-079-2011|https://www.fdic.gov/news/press-releases/2011/pr11079.html
https://www.fdic.gov/resources/resolutions/bank-failures/failed-bank-list/firstchoice.html|PR-079-2011|https://www.fdic.gov/news/press-releases/2011/pr11079.html
https://www.fdic.gov/resources/resolutions/bank-failures/failed-bank-list/cortez.html|PR-078-2011|https://www.fdic.gov/news/press-releases/2011/pr11078.html
https://www.fdic.gov/resources/resolutions/bank-failures/failed-bank-list/fnbcf.html|PR-078-2011|https://www.fdic.gov/news/press-releases/2011/pr11078.html
https://www.fdic.gov/resources/resolutions/bank-failures/failed-bank-list/heritage-ms.html|PR-075-2011|https://www.fdic.gov/news/press-releases/2011/pr11075.html
https://www.fdic.gov/resources/resolutions/bank-failures/failed-bank-list/rosemount.html|PR-074-2011|https://www.fdic.gov/news/press-releases/2011/pr11074.html
https://www.fdic.gov/resources/resolutions/bank-failures/failed-bank-list/superior-al.html|PR-073-2011|https://www.fdic.gov/news/press-releases/2011/pr11073.html
https://www.fdic.gov/resources/resolutions/bank-failures/failed-bank-list/nexity.html|PR-072-2011|https://www.fdic.gov/news/press-releases/2011/pr11072.html
https://www.fdic.gov/resources/resolutions/bank-failures/failed-bank-list/newhorizons.html|PR-071-2011|https://www.fdic.gov/news/press-releases/2011/pr11071.html
https://www.fdic.gov/resources/resolutions/bank-failures/failed-bank-list/bartow.html|PR-070-2011|https://www.fdic.gov/news/press-releases/2011/pr11070.html
https://www.fdic.gov/resources/resolutions/bank-failures/failed-bank-list/nevadacommerce.html|PR-065-2011|https://www.fdic.gov/news/press-releases/2011/pr11065.html
https://www.fdic.gov/resources/resolutions/bank-failures/failed-bank-list/westernsprings.html|PR-064-2011|https://www.fdic.gov/news/press-releases/2011/pr11064.html
https://www.fdic.gov/resources/resolutions/bank-failures/failed-bank-list/bankofcommerce.html|PR-058-2011|https://www.fdic.gov/news/press-releases/2011/pr11058.html
https://www.fdic.gov/resources/resolutions/bank-failures/failed-bank-list/legacy-wi.html|PR-055-2011|https://www.fdic.gov/news/press-releases/2011/pr11055.html
https://www.fdic.gov/resources/resolutions/bank-failures/failed-bank-list/firstnatldavis.html|PR-054-2011|https://www.fdic.gov/news/press-releases/2011/pr11054.html
https://www.fdic.gov/resources/resolutions/bank-failures/failed-bank-list/valleycomm.html|PR-048-2011|https://www.fdic.gov/news/press-releases/2011/pr11048.html
https://www.fdic.gov/resources/resolutions/bank-failures/failed-bank-list/sanluistrust.html|PR-041-2011|https://www.fdic.gov/news/press-releases/2011/pr11041.html
https://www.fdic.gov/resources/resolutions/bank-failures/failed-bank-list/charteroak.html|PR-040-2011|https://www.fdic.gov/news/press-releases/2011/pr11040.html
https://www.fdic.gov/resources/resolutions/bank-failures/failed-bank-list/citizensbk-ga.html|PR-039-2011|https://www.fdic.gov/news/press-releases/2011/pr11039.html
https://www.fdic.gov/resources/resolutions/bank-failures/failed-bank-list/habersham.html|PR-038-2011|https://www.fdic.gov/news/press-releases/2011/pr11038.html
https://www.fdic.gov/resources/resolutions/bank-failures/failed-bank-list/canyonstate.html|PR-035-2011|https://www.fdic.gov/news/press-releases/2011/pr11035.html
https://www.fdic.gov/resources/resolutions/bank-failures/failed-bank-list/badgerstate.html|PR-034-2011|https://www.fdic.gov/news/press-releases/2011/pr11034.html
https://www.fdic.gov/resources/resolutions/bank-failures/failed-bank-list/peoplesstatebank.html|PR-033-2011|https://www.fdic.gov/news/press-releases/2011/pr11033.html
https://www.fdic.gov/resources/resolutions/bank-failures/failed-bank-list/sunshinestate.html|PR-032-2011|https://www.fdic.gov/news/press-releases/2011/pr11032.html
https://www.fdic.gov/resources/resolutions/bank-failures/failed-bank-list/commfirst-il.html|PR-025-2011|https://www.fdic.gov/news/press-releases/2011/pr11025.html
https://www.fdic.gov/resources/resolutions/bank-failures/failed-bank-list/northgabank.html|PR-024-2011|https://www.fdic.gov/news/press-releases/2011/pr11024.html
https://www.fdic.gov/resources/resolutions/bank-failures/failed-bank-list/americantrust.html|PR-023-2011|https://www.fdic.gov/news/press-releases/2011/pr11023.html
https://www.fdic.gov/resources/resolutions/bank-failures/failed-bank-list/firstcomm-nm.html|PR-018-2011|https://www.fdic.gov/news/press-releases/2011/pr11018.html
https://www.fdic.gov/resources/resolutions/bank-failures/failed-bank-list/firstier.html|PR-017-2011|https://www.fdic.gov/news/press-releases/2011/pr11017.html
https://www.fdic.gov/resources/resolutions/bank-failures/failed-bank-list/evergreenstatewi.html|PR-016-2011|https://www.fdic.gov/news/press-releases/2011/pr11016.html
https://www.fdic.gov/resources/resolutions/bank-failures/failed-bank-list/firststatebank-ok.html|PR-015-2011|https://www.fdic.gov/news/press-releases/2011/pr11015.html
https://www.fdic.gov/resources/resolutions/bank-failures/failed-bank-list/unitedwestern.html|PR-013-2011|https://www.fdic.gov/news/press-releases/2011/pr11013.html
https://www.fdic.gov/resources/resolutions/bank-failures/failed-bank-list/bankofasheville.html|PR-012-2011|https://www.fdic.gov/news/press-releases/2011/pr11012.html
https://www.fdic.gov/resources/resolutions/bank-failures/failed-bank-list/commsouth.html|PR-011-2011|https://www.fdic.gov/news/press-releases/2011/pr11011.html
https://www.fdic.gov/resources/resolutions/bank-failures/failed-bank-list/enterprise.html|PR-010-2011|https://www.fdic.gov/news/press-releases/2011/pr11010.html
https://www.fdic.gov/resources/resolutions/bank-failures/failed-bank-list/oglethorpe.html|PR-006-2011|https://www.fdic.gov/news/press-releases/2011/pr11006.html
https://www.fdic.gov/resources/resolutions/bank-failures/failed-bank-list/legacybank.html|PR-003-2011|https://www.fdic.gov/news/press-releases/2011/pr11003.html
https://www.fdic.gov/resources/resolutions/bank-failures/failed-bank-list/firstcommercial.html|PR-002-2011|https://www.fdic.gov/news/press-releases/2011/pr11002.html
https://www.fdic.gov/resources/resolutions/bank-failures/failed-bank-list/cmbkozarks.html|PR-146-2012|https://www.fdic.gov/news/press-releases/2012/pr12146.html
https://www.fdic.gov/resources/resolutions/bank-failures/failed-bank-list/hometown.html|PR-134-2012|https://www.fdic.gov/news/press-releases/2012/pr12134.html
https://www.fdic.gov/resources/resolutions/bank-failures/failed-bank-list/cfnb.html|PR-128-2012|https://www.fdic.gov/news/press-releases/2012/pr12128.html
https://www.fdic.gov/resources/resolutions/bank-failures/failed-bank-list/heritage-fl.html|PR-127-2012|https://www.fdic.gov/news/press-releases/2012/pr12127.html
https://www.fdic.gov/resources/resolutions/bank-failures/failed-bank-list/novabank.html|PR-123-2012|https://www.fdic.gov/news/press-releases/2012/pr12123.html
https://www.fdic.gov/resources/resolutions/bank-failures/failed-bank-list/excelbank.html|PR-120-2012|https://www.fdic.gov/news/press-releases/2012/pr12120.html
https://www.fdic.gov/resources/resolutions/bank-failures/failed-bank-list/firsteastside.html|PR-119-2012|https://www.fdic.gov/news/press-releases/2012/pr12119.html
https://www.fdic.gov/resources/resolutions/bank-failures/failed-bank-list/gulfsouth.html|PR-118-2012|https://www.fdic.gov/news/press-releases/2012/pr12118.html
https://www.fdic.gov/resources/resolutions/bank-failures/failed-bank-list/firstunited.html|PR-113-2012|https://www.fdic.gov/news/press-releases/2012/pr12113.html
https://www.fdic.gov/resources/resolutions/bank-failures/failed-bank-list/truman.html|PR-106-2012|https://www.fdic.gov/news/press-releases/2012/pr12106.html
https://www.fdic.gov/resources/resolutions/bank-failures/failed-bank-list/firstcommbk-mn.html|PR-104-2012|https://www.fdic.gov/news/press-releases/2012/pr12104.html
https://www.fdic.gov/resources/resolutions/bank-failures/failed-bank-list/waukegan.html|PR-090-2012|https://www.fdic.gov/news/press-releases/2012/pr12090.html
https://www.fdic.gov/resources/resolutions/bank-failures/failed-bank-list/jasper.html|PR-089-2012|https://www.fdic.gov/news/press-releases/2012/pr12089.html
https://www.fdic.gov/resources/resolutions/bank-failures/failed-bank-list/secondfederal.html|PR-086-2012|https://www.fdic.gov/news/press-releases/2012/pr12086.html
https://www.fdic.gov/resources/resolutions/bank-failures/failed-bank-list/heartland.html|PR-085-2012|https://www.fdic.gov/news/press-releases/2012/pr12085.html
https://www.fdic.gov/resources/resolutions/bank-failures/failed-bank-list/cherokee.html|PR-084-2012|https://www.fdic.gov/news/press-releases/2012/pr12084.html
https://www.fdic.gov/resources/resolutions/bank-failures/failed-bank-list/georgiatrust.html|PR-083-2012|https://www.fdic.gov/news/press-releases/2012/pr12083.html
https://www.fdic.gov/resources/resolutions/bank-failures/failed-bank-list/royalpalm.html|PR-082-2012|https://www.fdic.gov/news/press-releases/2012/pr12082.html
https://www.fdic.gov/resources/resolutions/bank-failures/failed-bank-list/glasgow.html|PR-081-2012|https://www.fdic.gov/news/press-releases/2012/pr12081.html
https://www.fdic.gov/resources/resolutions/bank-failures/failed-bank-list/montgomery.html|PR-080-2012|https://www.fdic.gov/news/press-releases/2012/pr12080.html
https://www.fdic.gov/resources/resolutions/bank-failures/failed-bank-list/farmersbank.html|PR-71-2012|https://www.fdic.gov/news/press-releases/2012/pr12071.html
https://www.fdic.gov/resources/resolutions/bank-failures/failed-bank-list/securityexchange.html|PR-070-2012|https://www.fdic.gov/news/press-releases/2012/pr12070.html
https://www.fdic.gov/resources/resolutions/bank-failures/failed-bank-list/putnam.html|PR-069-2012|https://www.fdic.gov/news/press-releases/2012/pr12069.html
https://www.fdic.gov/resources/resolutions/bank-failures/failed-bank-list/waccamaw.html|PR-067-2012|https://www.fdic.gov/news/press-releases/2012/pr12067.html
https://www.fdic.gov/resources/resolutions/bank-failures/failed-bank-list/ftsb.html|PR-066-2012|https://www.fdic.gov/news/press-releases/2012/pr12066.html
https://www.fdic.gov/resources/resolutions/bank-failures/failed-bank-list/carolina.html|PR-065-2012|https://www.fdic.gov/news/press-releases/2012/pr12065.html
https://www.fdic.gov/resources/resolutions/bank-failures/failed-bank-list/firstcapital.html|PR-064-2012|https://www.fdic.gov/news/press-releases/2012/pr12064.html
https://www.fdic.gov/resources/resolutions/bank-failures/failed-bank-list/alabamatrust.html|PR-057-2012|https://www.fdic.gov/news/press-releases/2012/pr12057.html
https://www.fdic.gov/resources/resolutions/bank-failures/failed-bank-list/securitybank.html|PR-052-2012|https://www.fdic.gov/news/press-releases/2012/pr12052.html
https://www.fdic.gov/resources/resolutions/bank-failures/failed-bank-list/palmdesert.html|PR-050-2012|https://www.fdic.gov/news/press-releases/2012/pr12050.html
https://www.fdic.gov/resources/resolutions/bank-failures/failed-bank-list/plantation.html|PR-049-2012|https://www.fdic.gov/news/press-releases/2012/pr12049.html
https://www.fdic.gov/resources/resolutions/bank-failures/failed-bank-list/interbank.html|PR-048-2012|https://www.fdic.gov/news/press-releases/2012/pr12048.html
https://www.fdic.gov/resources/resolutions/bank-failures/failed-bank-list/harvest.html|PR-047-2012|https://www.fdic.gov/news/press-releases/2012/pr12047.html
https://www.fdic.gov/resources/resolutions/bank-failures/failed-bank-list/easternshore.html|PR-046-2012|https://www.fdic.gov/news/press-releases/2012/pr12046.html
https://www.fdic.gov/resources/resolutions/bank-failures/failed-bank-list/fortlee.html|PR-043-2012|https://www.fdic.gov/news/press-releases/2012/pr12043.html
https://www.fdic.gov/resources/resolutions/bank-failures/failed-bank-list/fidelity.html|PR-038-2012|https://www.fdic.gov/news/press-releases/2012/pr12038.html
https://www.fdic.gov/resources/resolutions/bank-failures/failed-bank-list/covenant.html|PR-032-2012|https://www.fdic.gov/news/press-releases/2012/pr12032.html
https://www.fdic.gov/resources/resolutions/bank-failures/failed-bank-list/premier-il.html|PR-033-2012|https://www.fdic.gov/news/press-releases/2012/pr12033.html
https://www.fdic.gov/resources/resolutions/bank-failures/failed-bank-list/newcity.html|PR-029-2012|https://www.fdic.gov/news/press-releases/2012/pr12029.html
https://www.fdic.gov/resources/resolutions/bank-failures/failed-bank-list/global.html|PR-025-2012|https://www.fdic.gov/news/press-releases/2012/pr12025.html
https://www.fdic.gov/resources/resolutions/bank-failures/failed-bank-list/homesvgs.html|PR-022-2012|https://www.fdic.gov/news/press-releases/2012/pr12022.html
https://www.fdic.gov/resources/resolutions/bank-failures/failed-bank-list/cbg.html|PR-021-2012|https://www.fdic.gov/news/press-releases/2012/pr12021.html
https://www.fdic.gov/resources/resolutions/bank-failures/failed-bank-list/scbbank.html|PR-018-2012|https://www.fdic.gov/news/press-releases/2012/pr12018.html
https://www.fdic.gov/resources/resolutions/bank-failures/failed-bank-list/cnbt.html|PR-017-2012|https://www.fdic.gov/news/press-releases/2012/pr12017.html
https://www.fdic.gov/resources/resolutions/bank-failures/failed-bank-list/bankeast.html|PR-013-2012|https://www.fdic.gov/news/press-releases/2012/pr12013.html
https://www.fdic.gov/resources/resolutions/bank-failures/failed-bank-list/patriot-mn.html|PR-012-2012|https://www.fdic.gov/news/press-releases/2012/pr12012.html
https://www.fdic.gov/resources/resolutions/bank-failures/failed-bank-list/tcb.html|PR-011-2012|https://www.fdic.gov/news/press-releases/2012/pr12011.html
https://www.fdic.gov/resources/resolutions/bank-failures/failed-bank-list/fgbtcj.html|PR-010-2012|https://www.fdic.gov/news/press-releases/2012/pr12010.html
https://www.fdic.gov/resources/resolutions/bank-failures/failed-bank-list/americaneagle.html|PR-007-2012|https://www.fdic.gov/news/press-releases/2012/pr12007.html
https://www.fdic.gov/resources/resolutions/bank-failures/failed-bank-list/firststatebank-ga.html|PR-006-2012|https://www.fdic.gov/news/press-releases/2012/pr12006.html
https://www.fdic.gov/resources/resolutions/bank-failures/failed-bank-list/cfsb.html|PR-005-2012|https://www.fdic.gov/news/press-releases/2012/pr12005.html
https://www.fdic.gov/resources/resolutions/bank-failures/failed-bank-list/texascomm.html|PR-118-2013|https://www.fdic.gov/news/press-releases/2013/pr13118.html
https://www.fdic.gov/resources/resolutions/bank-failures/failed-bank-list/jacksoncty.html|PR-097-2013|https://www.fdic.gov/news/press-releases/2013/pr13097.html
https://www.fdic.gov/resources/resolutions/bank-failures/failed-bank-list/firstnatl-tx.html|PR-083-2013|https://www.fdic.gov/news/press-releases/2013/pr13083.html
https://www.fdic.gov/resources/resolutions/bank-failures/failed-bank-list/commbank-ct.html|PR-082-2013|https://www.fdic.gov/news/press-releases/2013/pr13082.html
https://www.fdic.gov/resources/resolutions/bank-failures/failed-bank-list/sunrisebank-az.html|PR-073-2013|https://www.fdic.gov/news/press-releases/2013/pr13073.html
https://www.fdic.gov/resources/resolutions/bank-failures/failed-bank-list/communitysouth.html|PR-072-2013|https://www.fdic.gov/news/press-releases/2013/pr13072.html
https://www.fdic.gov/resources/resolutions/bank-failures/failed-bank-list/bankofwausau.html|PR-071-2013|https://www.fdic.gov/news/press-releases/2013/pr13071.html
https://www.fdic.gov/resources/resolutions/bank-failures/failed-bank-list/firstcommswb.html|PR-069-2013|https://www.fdic.gov/news/press-releases/2013/pr13069.html
https://www.fdic.gov/resources/resolutions/bank-failures/failed-bank-list/mountain-tn.html|PR-050-2013|https://www.fdic.gov/news/press-releases/2013/pr13050.html
https://www.fdic.gov/resources/resolutions/bank-failures/failed-bank-list/1stcommerce.html|PR-049-2013|https://www.fdic.gov/news/press-releases/2013/pr13049.html
https://www.fdic.gov/resources/resolutions/bank-failures/failed-bank-list/kenosha.html|PR-046-2013|https://www.fdic.gov/news/press-releases/2013/pr13046.html
https://www.fdic.gov/resources/resolutions/bank-failures/failed-bank-list/centralaz.html|PR-040-2013|https://www.fdic.gov/news/press-releases/2013/pr13040.html
https://www.fdic.gov/resources/resolutions/bank-failures/failed-bank-list/sunrisebank.html|PR-038-2013|https://www.fdic.gov/news/press-releases/2013/pr13038.html
https://www.fdic.gov/resources/resolutions/bank-failures/failed-bank-list/pisgahcommbk.html|PR-037-2013|https://www.fdic.gov/news/press-releases/2013/pr13037.html
https://www.fdic.gov/resources/resolutions/bank-failures/failed-bank-list/douglascb.html|PR-034-2013|https://www.fdic.gov/news/press-releases/2013/pr13034.html
https://www.fdic.gov/resources/resolutions/bank-failures/failed-bank-list/parkway.html|PR-033-2013|https://www.fdic.gov/news/press-releases/2013/pr13033.html
https://www.fdic.gov/resources/resolutions/bank-failures/failed-bank-list/chipola.html|PR-030-2013|https://www.fdic.gov/news/press-releases/2013/pr13030.html
https://www.fdic.gov/resources/resolutions/bank-failures/failed-bank-list/heritagebank-fl.html|PR-029-2013|https://www.fdic.gov/news/press-releases/2013/pr13029.html
https://www.fdic.gov/resources/resolutions/bank-failures/failed-bank-list/firstfederal-ky.html|PR-028-2013|https://www.fdic.gov/news/press-releases/2013/pr13028.html
https://www.fdic.gov/resources/resolutions/bank-failures/failed-bank-list/goldcanyon.html|PR-026-2013|https://www.fdic.gov/news/press-releases/2013/pr13026.html
https://www.fdic.gov/resources/resolutions/bank-failures/failed-bank-list/frontier-ga.html|PR-018-2013|https://www.fdic.gov/news/press-releases/2013/pr13018.html
https://www.fdic.gov/resources/resolutions/bank-failures/failed-bank-list/covenant-il.html|PR-010-2013|https://www.fdic.gov/news/press-releases/2013/pr13010.html
https://www.fdic.gov/resources/resolutions/bank-failures/failed-bank-list/1stregents.html|PR-005-2013|https://www.fdic.gov/news/press-releases/2013/pr13005.html
https://www.fdic.gov/resources/resolutions/bank-failures/failed-bank-list/westside.html|PR-002-2013|https://www.fdic.gov/news/press-releases/2013/pr13002.html
https://www.fdic.gov/resources/resolutions/bank-failures/failed-bank-list/northernstar.html|PR-112-2014|https://www.fdic.gov/news/press-releases/2014/pr14112.html
https://www.fdic.gov/resources/resolutions/bank-failures/failed-bank-list/elpaseo.html|PR-097-2014|https://www.fdic.gov/news/press-releases/2014/pr14097.html
https://www.fdic.gov/resources/resolutions/bank-failures/failed-bank-list/nrbc.html|PR-089-2014|https://www.fdic.gov/news/press-releases/2014/pr14089.html
https://www.fdic.gov/resources/resolutions/bank-failures/failed-bank-list/nbrs.html|PR-085-2014|https://www.fdic.gov/news/press-releases/2014/pr14085.html
https://www.fdic.gov/resources/resolutions/bank-failures/failed-bank-list/greenchoice.html|PR-062-2014|https://www.fdic.gov/news/press-releases/2014/pr14062.html
https://www.fdic.gov/resources/resolutions/bank-failures/failed-bank-list/eastside.html|PR-058-2014|https://www.fdic.gov/news/press-releases/2014/pr14058.html
https://www.fdic.gov/resources/resolutions/bank-failures/failed-bank-list/freedomstate.html|PR-050-2014|https://www.fdic.gov/news/press-releases/2014/pr14050.html
https://www.fdic.gov/resources/resolutions/bank-failures/failed-bank-list/valleybankfl.html|PR-048-2014|https://www.fdic.gov/news/press-releases/2014/pr14048.html
https://www.fdic.gov/resources/resolutions/bank-failures/failed-bank-list/valleybankil.html|PR-047-2014|https://www.fdic.gov/news/press-releases/2014/pr14047.html
https://www.fdic.gov/resources/resolutions/bank-failures/failed-bank-list/slaviefederal.html|PR-041-2014|https://www.fdic.gov/news/press-releases/2014/pr14041.html
https://www.fdic.gov/resources/resolutions/bank-failures/failed-bank-list/columbiasavings.html|PR-036-2014|https://www.fdic.gov/news/press-releases/2014/pr14036.html
https://www.fdic.gov/resources/resolutions/bank-failures/failed-bank-list/aztecamerica.html|PR-034-2014|https://www.fdic.gov/news/press-releases/2014/pr14034.html
https://www.fdic.gov/resources/resolutions/bank-failures/failed-bank-list/allendale.html|PR-31-2014|https://www.fdic.gov/news/press-releases/2014/pr14031.html
https://www.fdic.gov/resources/resolutions/bank-failures/failed-bank-list/vantagebank.html|PR-017-2014|https://www.fdic.gov/news/press-releases/2014/pr14017.html
https://www.fdic.gov/resources/resolutions/bank-failures/failed-bank-list/millenniumbank.html|PR-016-2014|https://www.fdic.gov/news/press-releases/2014/pr14016.html
https://www.fdic.gov/resources/resolutions/bank-failures/failed-bank-list/syringabank.html|PR-007-2014|https://www.fdic.gov/news/press-releases/2014/pr14007.html
https://www.fdic.gov/resources/resolutions/bank-failures/failed-bank-list/bankofunion.html|PR-005-2014|https://www.fdic.gov/news/press-releases/2014/pr14005.html
https://www.fdic.gov/resources/resolutions/bank-failures/failed-bank-list/dupage.html|PR-004-2014|https://www.fdic.gov/news/press-releases/2014/pr14004.html
https://www.fdic.gov/resources/resolutions/bank-failures/failed-bank-list/hometownnatl.html|PR-078-2015|https://www.fdic.gov/news/press-releases/2015/pr15078.html
https://www.fdic.gov/resources/resolutions/bank-failures/failed-bank-list/bankofgeorgia.html|PR-077-2015|https://www.fdic.gov/news/press-releases/2015/pr15077.html
https://www.fdic.gov/resources/resolutions/bank-failures/failed-bank-list/premier-co.html|PR-060-2015|https://www.fdic.gov/news/press-releases/2015/pr15060.html
https://www.fdic.gov/resources/resolutions/bank-failures/failed-bank-list/edgebrook.html|PR-040-2015|https://www.fdic.gov/news/press-releases/2015/pr15040.html
https://www.fdic.gov/resources/resolutions/bank-failures/failed-bank-list/doral.html|PR-024-2015|https://www.fdic.gov/news/press-releases/2015/pr15024.html
https://www.fdic.gov/resources/resolutions/bank-failures/failed-bank-list/capitolcity.html|PR-016-2015|https://www.fdic.gov/news/press-releases/2015/pr15016.html
https://www.fdic.gov/resources/resolutions/bank-failures/failed-bank-list/highlandcomm.html|PR-007-2015|https://www.fdic.gov/news/press-releases/2015/pr15007.html
https://www.fdic.gov/resources/resolutions/bank-failures/failed-bank-list/fnbcrestview.html|PR-006-2015|https://www.fdic.gov/news/press-releases/2015/pr15006.html
https://www.fdic.gov/resources/resolutions/bank-failures/failed-bank-list/alliedbank.html|PR-082-2016|https://www.fdic.gov/news/press-releases/2016/pr16082.html
https://www.fdic.gov/resources/resolutions/bank-failures/failed-bank-list/woodburybank.html|PR-069-2016|https://www.fdic.gov/news/press-releases/2016/pr16069.html
https://www.fdic.gov/resources/resolutions/bank-failures/failed-bank-list/firstcornerstone.html|PR-038-2016|https://www.fdic.gov/news/press-releases/2016/pr16038.html
https://www.fdic.gov/resources/resolutions/bank-failures/failed-bank-list/trustco.html|PR-034-2016|https://www.fdic.gov/news/press-releases/2016/pr16034.html
https://www.fdic.gov/resources/resolutions/bank-failures/failed-bank-list/nmsbank.html|PR-020-2016|https://www.fdic.gov/news/press-releases/2016/pr16020.html
https://www.fdic.gov/resources/resolutions/bank-failures/failed-bank-list/wafedbank.html|PR-096-2017|https://www.fdic.gov/news/press-releases/2017/pr17096.html
https://www.fdic.gov/resources/resolutions/bank-failures/failed-bank-list/fmstatebank.html|PR-080-2017|https://www.fdic.gov/news/press-releases/2017/pr17080.html
https://www.fdic.gov/resources/resolutions/bank-failures/failed-bank-list/fayettecounty.html|PR-041-2017|https://www.fdic.gov/news/press-releases/2017/pr17041.html
https://www.fdic.gov/resources/resolutions/bank-failures/failed-bank-list/guaranty.html|PR-037-2017|https://www.fdic.gov/news/press-releases/2017/pr17037.html
https://www.fdic.gov/resources/resolutions/bank-failures/failed-bank-list/firstnbc.html|PR-034-2017|https://www.fdic.gov/news/press-releases/2017/pr17034.html
https://www.fdic.gov/resources/resolutions/bank-failures/failed-bank-list/proficio.html|PR-019-2017|https://www.fdic.gov/news/press-releases/2017/pr17019.html
https://www.fdic.gov/resources/resolutions/bank-failures/failed-bank-list/seaway.html|PR-009-2017|https://www.fdic.gov/news/press-releases/2017/pr17009.html
https://www.fdic.gov/resources/resolutions/bank-failures/failed-bank-list/harvestcomm.html|PR-004-2017|https://www.fdic.gov/news/press-releases/2017/pr17004.html
https://www.fdic.gov/resources/resolutions/bank-failures/failed-bank-list/citynatl.html|PR-101-2019|https://www.fdic.gov/news/press-releases/2019/pr19101.html
https://www.fdic.gov/resources/resolutions/bank-failures/failed-bank-list/resolute.html|PR-097-2019|https://www.fdic.gov/news/press-releases/2019/pr19097.html
https://www.fdic.gov/resources/resolutions/bank-failures/failed-bank-list/louisacomm.html|PR-096-2019|https://www.fdic.gov/news/press-releases/2019/pr19096.html
https://www.fdic.gov/resources/resolutions/bank-failures/failed-bank-list/enloe.html|PR-046-2019|https://www.fdic.gov/news/press-releases/2019/pr19046.html
https://www.fdic.gov/resources/resolutions/bank-failures/failed-bank-list/almenastate.html|PR-119-2020|https://www.fdic.gov/news/press-releases/2020/pr20119.html
https://www.fdic.gov/resources/resolutions/bank-failures/failed-bank-list/firstcitybank.html|PR-112-2020|https://www.fdic.gov/news/press-releases/2020/pr20112.html
https://www.fdic.gov/resources/resolutions/bank-failures/failed-bank-list/fsb-wv.html|PR-046-2020|https://www.fdic.gov/news/press-releases/2020/pr20046.html
https://www.fdic.gov/resources/resolutions/bank-failures/failed-bank-list/ericsonstate.html|PR-011-2020|https://www.fdic.gov/news/press-releases/2020/pr20011.html
